Date debut;Date fin;Titre compétition;Ville;Code structure;Club organisateur;Code region;-1.92184;;Saison;;;;;;;;;;;;;;;Lieu;;Adresse;Spécificité;CP;Ville compétition;Long;Lat
26/04/2026;26/04/2026;TIR EXTÉRIEUR;CHANTONNAY;1285116;CHANTONNAY;CR12;Tir à l'Arc Extérieur;individuel;2026;;;;;20m,30m,40m,50m,60m,70m;;;N;;;arcchantonnay85@gmail.com;0;;;Complexe sportif de la Charlère;;Rue de l'arc en ciel;Stade charlère;85110;CHANTONNAY;46.68742;-1.04138
04/07/2026;05/07/2026;CLISSON-TAE 2026-;CLISSON;1244004;CLISSON;CR12;Tir à l'Arc Extérieur;individuel;2026;;;;;20m,30m,40m,50m,60m,70m;;;N;;;ber_naud@orange.fr;0;;;Complexe Sportif du Val de Moine;;Rue pierre de coubertin;;44;CLISSON;47.09459;-1.27153
19/04/2026;19/04/2026;EXTERIEUR CANDE 19 AVRIL 2026;CANDE;1249047;CANDE;CR12;Tir à l'Arc Extérieur;individuel;2026;;;;;20m,30m,40m,50m,60m,70m;;;N;;;archersdusocande@gmail.com;0;;https://archers-du-so-cande.jimdo.com/;Stade Guy LANGEVIN;;Route de freigne;;49440;CANDE;47.5556;-1.05136
25/04/2026;26/04/2026;DRE 1ERE MANCHE;NANTES;1244044;NANTES;CR12;Tir à l'Arc Extérieur;individuel;2026;;;;;50m,70m;;;N;;;secretariat.archersnantais@gmail.com;0;;https://archers-nantais.org;Plaine de Jeux de la Mainguais;;Rue de la mainguais;;44470;CARQUEFOU;;
09/05/2026;10/05/2026;DRE 2E MANCHE;DAUMERAY;1249068;DAUMERAY;CR12;Tir à l'Arc Extérieur;individuel;2026;;;;;50m,70m;;;N;;;jpld.dupuis@orange.fr;0;;http://www.daumeray-archerie.com;Complexe sportif et Terrain d'arc Aldo Piutti;;Rue des sports;;49640;DAUMERAY;;
14/06/2026;14/06/2026;3 EME MANCHE DRE;MURS ERIGNE;1249058;MURS ERIGNE;CR12;Tir à l'Arc Extérieur;individuel;2026;;;;;50m,70m;;;O;;;peltiermichael3@gmail.com;0;;https://archersaubance.wixsite.com/website;Stade des Varennes;;Chemin des varennes;;49610;MURS ERIGNE;47.40107;-0.55432
07/06/2026;07/06/2026;TIR EXTERIEUR;LE LUART;1272095;LE LUART;CR12;Tir à l'Arc Extérieur;individuel;2026;;;;;20m,30m,40m,50m,60m,70m;;;N;;;annemarieaa72@gmail.com;0;;http://usl-le-luart.fr.gd;terrain de foot;;Rue des bains;;72390;LE LUART;48.07303;0.59185
20/06/2026;20/06/2026;CHAMPIONNAT DEPARTEMENTAL TAE;DAUMERAY;1249068;DAUMERAY;CR12;Tir à l'Arc Extérieur;individuel;2026;0;;D;;20m,30m,50m;;;N;;;jpld.dupuis@orange.fr;0;;http://www.daumeray-archerie.com;Terrain d'arc Aldo Puitti;;Rue de la liberté;;49640;DAUMERAY;47.69992;-0.35601
21/06/2026;21/06/2026;CHAMPIONNAT DÉPARTEMENTAL TAEI;DAUMERAY;1249068;DAUMERAY;CR12;Tir à l'Arc Extérieur;individuel;2026;0;;D;;20m,30m,40m,50m,60m,70m;;;O;;;jpld.dupuis@orange.fr;0;;http://www.daumeray-archerie.com;Terrain d'Arc Aldo Puitti;;Rue de la liberté;;49640;DAUMERAY;47.69992;-0.35601
02/05/2026;02/05/2026;TOURNOI REGIONAL JEUNE;DAUMERAY;1249068;DAUMERAY;CR12;Tir à l'Arc Extérieur;individuel;2026;;;;;20m,30m,40m,50m,60m,70m;;;O;;;jpld.dupuis@orange.fr;0;;http://www.daumeray-archerie.com;Terrain d'Arc Aldo Puitti;;Rue de la liberté;;49640;DAUMERAY;47.69992;-0.35601
31/05/2026;31/05/2026;CONCOURS EXTERIEUR ;LA FLECHE ;1272098;LA FLECHE;CR12;Tir à l'Arc Extérieur;individuel;2026;;;;;20m,30m,40m,50m,60m,70m;;;N;;;ciearclafeche@gmail.com;0;;https://ciearclafleche.com/;STADE BOUCHEVREAU ;;10 Rue des eturcies;;72200;LA FLECHE;47.70781;-0.09135
03/05/2026;03/05/2026;TAE LE MANS MAINE;LE MANS;1272108;LE MANS MAINE;CR12;Tir à l'Arc Extérieur;individuel;2026;;;;;20m,30m,40m,50m,60m,70m;;;N;;;contacts@arcdumaine.fr;0;;http://www.arcdumaine.fr;Terrain du Villaret;;Chemin du villaret;;72000;LE MANS;48.01979;0.23195
05/07/2026;05/07/2026;TAE LE MANS MAINE;LE MANS;1272108;LE MANS MAINE;CR12;Tir à l'Arc Extérieur;individuel;2026;72000;;D;;20m,30m,40m,50m,60m,70m;;;N;;;contacts@arcdumaine.fr;0;;http://www.arcdumaine.fr;Terrain du Villaret;;Chemin du villaret;;72000;LE MANS;48.0198;0.23196
13/06/2026;13/06/2026;TIR EXTÉRIEUR;MURS ERIGNE;1249058;MURS ERIGNE;CR12;Tir à l'Arc Extérieur;individuel;2026;;;;;20m,30m,40m,50m,60m,70m;;;N;;;peltiermichael3@gmail.com;0;;https://archersaubance.wixsite.com/website;Stade des Varennes;;Chemin des varennes;;49610;MURS ERIGNE;47.40084;-0.55456
20/09/2026;20/09/2026;CONCOURS TAE DE SEPTEMBRE;FONTENAY LE COMTE;1285122;FONTENAY LE COMTE;CR12;Tir à l'Arc Extérieur;individuel;2026;;;;;20m,30m,40m,50m,60m,70m;;;N;;;archers.fontenay@gmail.com;0;;https://tiralarcfontenaisien.wordpress.com/;Stade municipal;;Avenue marceau;;85200;FONTENAY LE COMTE;46.4603;-0.79931
26/04/2026;26/04/2026;CONCOURS EXTERIEUR;LE MANS;1272105;LE MANS;CR12;Tir à l'Arc Extérieur;individuel;2026;;;;;20m,30m,40m,50m,60m,70m;;;N;;;emilie.thomas.lm@gmail.com;0;;https://sites.google.com/view/lemanssomtiralarc;Gymnase de la Californie;;201 Rue henri champion;;72100;LE MANS;47.98331;0.23376
17/05/2026;17/05/2026;TAE LAIGNE ST GERVAIS;LAIGNÉ ST GERVAIS;1272091;LAIGNÉ SAINT GERVAIS;CR12;Tir à l'Arc Extérieur;individuel;2026;;;;;20m,30m,40m,50m,60m,70m;;;N;;;christophe.ehermann@gmail.com;0;;https://www.colsg.fr/tir-a-l-arc/;Complexe Sportif Jean Claverie;;Rue frères bailleul;;72220;LAIGNE EN BELIN;47.87774;0.22509
07/06/2026;07/06/2026;TAE DEPARTEMENTAL;MESLAY DU MAINE;1253072;MESLAY DU MAINE;CR12;Tir à l'Arc Extérieur;individuel;2026;53000;;D;;20m,30m,40m,50m,60m,70m;;;N;;;ciestgeorgesmeslay@gmail.com;0;;;STADE DE L'HOMMEAU;;90 Rue de laval;;53170;MESLAY DU MAINE;47.9559;-0.56231
14/06/2026;14/06/2026;TIR EXTERIEUR;SAINT MACAIRE EN MAUGES;1249059;ST MACAIRE EN MAUGES;CR12;Tir à l'Arc Extérieur;individuel;2026;;;;;20m,30m,40m,50m,60m,70m;;;N;;;loulle49@orange.fr;0;;https://sites.google.com/view/la-fleche-macairoise/accueil;Stade Georges Raymond;;32 Rue georges raymond;;49450;ST MACAIRE EN MAUGES;47.12671;-0.99871
24/05/2026;24/05/2026;CONCOURS TAE;SILLE LE GUILLAUME;1272109;SILLE LE GUILLAUME;CR12;Tir à l'Arc Extérieur;individuel;2026;;;;;20m,30m,40m,50m,60m,70m;;;N;;;nathaliebecu@wanadoo.fr;0;;https://les-archers-de-sille.jimdosite.com;Terrain Paul Scarron;;579 Route paul scarron;;72140;SILLE LE GUILLAUME;48.19502;-0.12139
31/05/2026;31/05/2026;TAE EXTERIEUR;CHÂTEAU GONTIER;1253085;CHATEAU GONTIER;CR12;Tir à l'Arc Extérieur;individuel;2026;;;;;20m,30m,40m,50m,60m,70m;;;N;;;chateaugontier.tiralarc@gmail.com;0;;https://tiralarcchg.sportregion.fr;Terrain extérieur;;Rue le bois plaidé;;53200;CHATEAU GONTIER;47.82243;-0.69823
03/05/2026;03/05/2026;CONCOURS TAE 2026;BEAUPREAU EN MAUGES;1249054;BEAUPREAU;CR12;Tir à l'Arc Extérieur;individuel;2026;;;;;20m,30m,40m,50m,60m,70m;;;N;;;infos@tiralarc-beaupreau.fr;0;;http://www.tiralarc-beaupreau.fr/;Complexe Sportif de la Promenade;;Rue de l'hippodrome;;49600;BEAUPREAU;47.1942;-0.99289
30/05/2026;31/05/2026;T.A.E.;ECOMMOY;1272096;ECOMMOY;CR12;Tir à l'Arc Extérieur;individuel;2026;;;;;20m,30m,40m,50m,60m,70m;;;N;;;archersecommoy@gmail.com;0;;archersecommoy@gmail.com;city stade ecommoy;;Chemin de l'abreuvoir;;72220;ECOMMOY;47.82572;0.27807
06/06/2026;07/06/2026;CONCOURS TAE;MONTAIGU VENDEE;1285121;MONTAIGU;CR12;Tir à l'Arc Extérieur;individuel;2026;;;;;20m,30m,40m,50m,60m,70m;;;N;;;archersdeladigue.inscription@gmail.com;0;;http://archersdeladigue.fr/;POLE SPORTIF LEONARD DE VINCI;;Rue fromenteau;;85600;LA GUYONNIERE;46.97009;-1.29755
11/04/2026;12/04/2026;CONCOURS ARCHERS DE L'ERDRE;CARQUEFOU;1244009;CARQUEFOU;CR12;Tir à l'Arc Extérieur;individuel;2026;;;;;20m,30m,40m,50m,60m,70m;;;N;;;secretariat@archersdelerdre.info;0;;https://www.archersdelerdre.fr;stade moulin boisseau;;Impasse rue victor hugo;;44470;CARQUEFOU;;
14/06/2026;14/06/2026;TAE LE GENEST ST ISLE;LE GENEST ST ISLE;1253081;LE GENEST ST ISLE;CR12;Tir à l'Arc Extérieur;individuel;2026;;;;;20m,30m,40m,50m,60m,70m;;;N;;;lesarchersgenestois@gmail.com;0;;;salle des fêtes;;Rue des sports;;53940;LE GENEST ST ISLE;48.09485;-0.89105
01/05/2026;01/05/2026;TAEI - TAEN 2026;CHOLET;1249050;CHOLET TAC;CR12;Tir à l'Arc Extérieur;individuel;2026;;;;;20m,30m,40m,50m,60m,70m;;;N;;;alexis.garnier49@gmail.com;0;;http://www.arc-cholet.com/;Complexe sportif Joachin du Bellay;;Square de liré;;49300;CHOLET;47.0402;-0.88695
23/05/2026;23/05/2026;TIR À L'ARC EXTERIEUR;ANGERS;1249056;ANGERS;CR12;Tir à l'Arc Extérieur;individuel;2026;;;;;20m,30m,40m,50m,60m,70m;;;N;;;sgta.communication@gmail.com;0;;http://www.sgta-tir-a-larc.com;Terrain de tir à l'arc;;37 Route de bouchemaine;;49000;ANGERS;47.44627;-0.57533
24/05/2026;24/05/2026;TIR À L'ARC EXTÉRIEUR;ANGERS;1249056;ANGERS;CR12;Tir à l'Arc Extérieur;individuel;2026;;;;;20m,30m,40m,50m,60m,70m;;;N;;;sgta.communication@gmail.com;0;;http://www.sgta-tir-a-larc.com;Terrain extérieur;;37 Route de bouchemaine;;49000;ANGERS;47.44627;-0.57533
20/06/2026;20/06/2026;CHAMPIONNAT DEPARTEMENTAL TAE-N;CHALLANS;1285134;CHALLANS;CR12;Tir à l'Arc Extérieur;individuel;2026;0;;D;;20m,30m,40m,50m,60m,70m;;;N;;;maurice.brebant@icloud.com;0;;;X;;Rue de la cailletiere;Stade de la cailletiere;85300;CHALLANS;46.85531;-1.86831
21/06/2026;21/06/2026;CHAMPIONNAT DEPARTEMENTAL TAE-I;CHALLANS;1285134;CHALLANS;CR12;Tir à l'Arc Extérieur;individuel;2026;0;;D;;20m,30m,40m,50m,60m,70m;;;O;;;maurice.brebant@icloud.com;0;;; .;;Rue de la cailletiere;Stade de la cailletiere;85300;CHALLANS;46.85531;-1.86831
24/05/2026;24/05/2026;TAE LA HAYE FOUASSIERE;LA HAYE FOUASSIERE;1244013;LA HAYE FOUASSIERE;CR12;Tir à l'Arc Extérieur;individuel;2026;;;;;20m,30m,40m,50m,60m,70m;;;N;;;brenot.delphine4@gmail.com;0;;http://archaye.fr;Stade du moulin des Landes;;Route de la juiverie;;44690;LA HAIE FOUASSIERE;47.163;-1.40723
13/06/2026;13/06/2026;TAE;PORNIC;1244046;PORNIC;CR12;Tir à l'Arc Extérieur;individuel;2026;;;;;20m,30m,40m,50m,60m,70m;;;N;;;archers.pornicais@yahoo.fr;0;;http://www.archers-pornic.org/;JULES FERRY;;Rue jules ferry;;44210;PORNIC;;
02/05/2026;02/05/2026;TRJ;DAUMERAY;CR12;CR  PAYS DE LA LOIRE;CR12;Tir à l'Arc Extérieur;individuel;2026;;;;;20m,30m,40m,50m,60m,70m;;;O;;;secretariat@arc-paysdelaloire.fr;0;;https://www.arc-paysdelaloire.fr;COMPLEXE SPORTIF ALDO PLUTTI;;Rue des sports;;49640;DAUMERAY;;
30/05/2026;30/05/2026;TRJ;MONTAIGU;CR12;CR  PAYS DE LA LOIRE;CR12;Tir à l'Arc Extérieur;individuel;2026;;;;;20m,30m,40m,50m,60m,70m;;;O;;;secretariat@arc-paysdelaloire.fr;0;;https://www.arc-paysdelaloire.fr;POLE SPORTIF LEONARD DE VINCI;;Rue fromenteau;;85600;LA GUYONNIERE;46.97009;-1.29755
01/04/2026;01/04/2026;OFFRE SPORTIVE JEUNES;LA CHAPELLE SUR ERDRE;CR12;CR  PAYS DE LA LOIRE;CR12;Tir à l'Arc Extérieur;individuel;2026;;;;;20m,30m,40m,50m,60m,70m;;;N;;;secretariat@arc-paysdelaloire.fr;0;;https://www.arc-paysdelaloire.fr;CREPS;;5 Avenue de la babiniere;;44240;LA CHAPELLE SUR ERDRE;;
20/05/2026;20/05/2026;OFFRE SPORTIVE JEUNES;LA CHAPELLE SUR ERDRE;CR12;CR  PAYS DE LA LOIRE;CR12;Tir à l'Arc Extérieur;individuel;2026;;;;;20m,30m,40m,50m,60m,70m;;;N;;;secretariat@arc-paysdelaloire.fr;0;;https://www.arc-paysdelaloire.fr;CREPS;;5 Avenue de la babiniere;;44240;LA CHAPELLE SUR ERDRE;;
24/06/2026;24/06/2026;OFFRE SPORTIVE JEUNES;LA CHAPELLE SUR ERDRE;CR12;CR  PAYS DE LA LOIRE;CR12;Tir à l'Arc Extérieur;individuel;2026;;;;;20m,30m,40m,50m,60m,70m;;;N;;;secretariat@arc-paysdelaloire.fr;0;;https://www.arc-paysdelaloire.fr;CREPS;;5 Avenue de la babiniere;;44240;LA CHAPELLE SUR ERDRE;;
12/04/2026;12/04/2026;OFFRE SPORTIVE JEUNES;LA CHAPELLE SUR ERDRE;CR12;CR  PAYS DE LA LOIRE;CR12;Tir à l'Arc Extérieur;individuel;2026;;;;;20m,30m,40m,50m,60m,70m;;;N;;;secretariat@arc-paysdelaloire.fr;0;;https://www.arc-paysdelaloire.fr;CREPS;;5 Avenue de la babiniere;;44240;LA CHAPELLE SUR ERDRE;;
18/04/2026;18/04/2026;JOURNEE FORMATION;LA CHAPELLE SUR ERDRE;CR12;CR  PAYS DE LA LOIRE;CR12;Tir à l'Arc Extérieur;individuel;2026;;;;;20m,30m,40m,50m,60m,70m;;;N;;;secretariat@arc-paysdelaloire.fr;0;;https://www.arc-paysdelaloire.fr;CREPS;;Avenue de la babiniere;;44240;LA CHAPELLE SUR ERDRE;;
07/06/2026;07/06/2026;DIVISION NATIONALE 2 MANCHE 2 GROUPE 4;NANTES;1244044;NANTES;CR12;Tir à l'Arc Extérieur;individuel;2026;;;;;70m;;;N;;;secretariat.archersnantais@gmail.com;0;;https://archers-nantais.org;;;;;;;;
03/05/2026;03/05/2026;CONCOURS TAE;BOUGUENAIS;1244041;VERTOU;CR12;Tir à l'Arc Extérieur;individuel;2026;;;;;20m,30m,40m,50m,60m,70m;;;N;;;lefeuvre.christian@neuf.fr;0;;https://cabbouguenais.jimdofree.com/;terrain de l'Ouche du Cormier;;Rue de la gagnerie;;44340;BOUGUENAIS;47.17006;-1.62045
20/12/2025;20/12/2025;TOURNOI DEPARTEMENTAL POUSSIN;NANTES;1244044;NANTES;CR12;Tournoi Poussin;individuel;2026;;;;;;;;;;;secretariat.archersnantais@gmail.com;0;;https://archers-nantais.org; gymnase de la Ripossière;;Rue  des gobelets;;44200;NANTES;;
11/04/2026;11/04/2026;TOURNOI DES POUSSIN;TALMONT SAINT HILAIRE;1285141;LES FLÉCHES D'ALIÉNOR;CR12;Tournoi Poussin;individuel;2026;;;;;;;;;;;lesflechesdalienor@gmail.com;0;;;Salle des Minées;;Avenue avenue des sport;;85440;TALMONT ST HILAIRE;46.46446;-1.63249
14/03/2026;14/03/2026;COMPÉTITION POUSSIN;COUËRON;1244025;COUERON;CR12;Tournoi Poussin;individuel;2026;;;;;;;;;;;archersdecoueron@gmail.com;0;;https://archersdecoueron.wixsite.com/website/categories-d-ages;Gymnase Patrick Dufief;;8 Boulevard paul langevin;;44220;COUERON;47.21324;-1.72047
08/03/2026;08/03/2026;RENCONTRE AMICALE DEBUTANTS;LA HAYE FOUASSIÈRE;1244013;LA HAYE FOUASSIERE;CR12;Rencontres Clubs Loisirs;individuel;2026;;;;;;;;;;;archaye44@gmail.com;0;;http://archaye.fr;Complèxe Sportif du Moulin des Landes;;Route de la juiverie;;44690;LA HAIE FOUASSIERE;47.16005;-1.40203
23/05/2026;23/05/2026;RUN ARCHERY LOISIRS;LA CHATAIGNERAIE;1285115;LA CHATAIGNERAIE;CR12;Rencontres Clubs Loisirs;individuel;2026;;;;;;;;;;;arc.chataigneraie@gmail.com;0;;http://talc.clubeo.com;SALLE DES SILENES;;32 Avenue georges clemenceau;;85120;LA CHATAIGNERAIE;46.65355;-0.75009
31/01/2026;31/01/2026;CD44 EQUIPE BB-CL ET CO À LA TURBALLE;LA TURBALLE;1244036;LA TURBALLE;CR12;Tir à 18m;par équipe;2026;44000;;Division départemental;2X18M;;;;O;;;benjamin.jube44420@gmail.com;0;;;Complexe sportif ;;Allée des sports;;44420;LA TURBALLE;47.3497;-2.51102
18/01/2026;18/01/2026;COUPE PAR EQUIPES JEUNES;BEAUPREAU EN MAUGES;1249054;BEAUPREAU;CR12;Tir à 18m;par équipe;2026;;;;2X18M;;;;N;;;infos@tiralarc-beaupreau.fr;0;;http://www.tiralarc-beaupreau.fr/;salle Omnisport de la Promenade;;Route de nantes;;49600;BEAUPREAU;47.1938;-0.99353
14/02/2026;15/02/2026;COUPE RÉGIONALE HIVER;MONTOIR DE BRETAGNE;CR12;CR  PAYS DE LA LOIRE;CR12;Tir à 18m;par équipe;2026;;;;2X18M;;;;N;;;secretariat@arc-paysdelaloire.fr;0;;https://www.arc-paysdelaloire.fr;Gymnase;;1 Avenue ile de france;;44550;MONTOIR DE BRETAGNE;47.33043;-2.15236
21/03/2026;22/03/2026;12 H DE NUIT LA FERTE BERNARD;LA FERTE BERNARD;1272112;LA FERTE BERNARD;CR12;Loisirs;par équipe;2026;;;;Challenge par équipe;;;;;;;pilon.fabrice@free.fr;0;;http://vsftiralarc.fr;SALLE GERARD DUTERTRE;;Avenue général de gaulle;;72400;LA FERTE BERNARD;48.18275;0.64953
21/02/2026;22/02/2026;24 HEURES DE DONGES 2026;DONGES;1244010;DONGES;CR12;Loisirs;par équipe;2026;;;;24 heures;;;;;;;launaythierry1961@gmail.com;0;;;Salles Omnisports ;;7 Rue léo lagrange;;44480;DONGES;47.32215;-2.07133
14/03/2026;15/03/2026;12 H DE NUIT LA FERTE BERNARD;LA FERTE BERNARD;1272112;LA FERTE BERNARD;CR12;Loisirs;par équipe;2026;;;;Challenge par équipe;;;;;;;pilon.fabrice@free.fr;0;;http://vsftiralarc.fr;SALLE GERARD DUTERTRE;;Avenue général de gaulle;;72400;LA FERTE BERNARD;48.18275;0.64953
18/01/2026;18/01/2026;CONCOURS PAR ÉQUIPES MIXTES;LAIGNÉ EN BELIN;1272091;LAIGNÉ SAINT GERVAIS;CR12;Loisirs;par équipe;2026;;;;Trophée des mixtes;;;;N;;;christophe.ehermann@gmail.com;0;;https://www.colsg.fr/tir-a-l-arc/;Gymnase Jean Claverie;;28bis Rue frère bailleul;;72220;LAIGNE EN BELIN;47.87805;0.22427
13/12/2025;13/12/2025;TROPHÉE DES MIXTES CD 49;CHOLET;1249050;CHOLET TAC;CR12;Loisirs;par équipe;2026;;;;Trophée des mixtes;;;;N;;;arc.cholet@gmail.com;0;;http://www.arc-cholet.com/;Salle de sports Rambourg;;32 Rue rue de rambourg;;49300;CHOLET;47.06592;-0.88509
14/03/2026;14/03/2026;TROPHÉE DES MIXTES CD 44;SAINT NAZAIRE;1244024;ST NAZAIRE;CR12;Loisirs;par équipe;2026;;;;Trophée des mixtes;;;;;;;throy@orange.fr;0;;https://archersnazairiens.fr/;Gymnase Jean Fabry;;152 Boulevard emile broodcoorens;;44600;ST NAZAIRE;47.26801;-2.24501
01/03/2026;01/03/2026;TROPHÉE DES MIXTES CD 53;MESLAY DU MAINE;1253072;MESLAY DU MAINE;CR12;Loisirs;par équipe;2026;;;;Trophée des mixtes;;;;;;;ciestgeorgesmeslay@gmail.com;0;;;;;;;;;;
29/03/2026;29/03/2026;TROPHÉE DES MIXTES CD 53;MESLAY DU MAINE;1253072;MESLAY DU MAINE;CR12;Loisirs;par équipe;2026;;;;Trophée des mixtes;;;;;;;ciestgeorgesmeslay@gmail.com;0;;;;;;;;;;
10/01/2026;10/01/2026;CONCOURS SALLE JEUNES;CHATEAU-GONTIER;1253085;CHATEAU GONTIER;CR12;Jeunes;individuel;2026;;;;RENCONTRE JEUNES;;;;;;;chateaugontier.tiralarc@gmail.com;0;;https://tiralarcchg.sportregion.fr;Salle des Azélines;;Rue de la croix de pierre;;53200;AZE;;
13/12/2025;13/12/2025;CONCOURS JEUNES;CHANGE;1253078;CHANGE;CR12;Jeunes;individuel;2026;;;;RENCONTRE JEUNES;;;;;;;uschangetiralarc@gmail.com;0;;;Parc des Sports;;Rue des bordagers;;53810;CHANGE;48.09685;-0.77538
15/11/2025;15/11/2025;CONCOURS JEUNES;MESLAY DU MAINE;1253072;MESLAY DU MAINE;CR12;Jeunes;individuel;2026;;;;RENCONTRE JEUNES;;;;;;;ciestgeorgesmeslay@gmail.com;0;;;salle des sports A;;15 Rue de la gare;;53170;MESLAY DU MAINE;47.94894;-0.55757
25/10/2025;25/10/2025;SPECIAL JEUNES;LE GENNEST SAINT ISLE;1253081;LE GENEST ST ISLE;CR12;Jeunes;individuel;2026;;;;RENCONTRE JEUNES;;;;;;;emiliemoreau53@yahoo.fr;0;;lesarchersgenestois@gmail.com;Salle Roger Janvier;;Chemin chemin de picelou;Parc du plessis ;53940;LE GENEST ST ISLE;48.10089;-0.88831
20/12/2025;20/12/2025;SPECIAL JEUNE CONCOURS  DE NOEL ;LE PALINDROME DE LAVAL;1253081;LE GENEST ST ISLE;CR12;Jeunes;individuel;2026;;;;RENCONTRE JEUNES;;;;;;;emiliemoreau53@yahoo.fr;0;;lesarchers genestois@gmail.com;LE PALINDROME DE LAVAL;;25 rue Albert EINSTEIN Rue rue albert einstein;;53000;LAVAL;48.05416;-0.74123
30/05/2026;30/05/2026;SPECIAL JEUNES EXTERIEUR;CHÂTEAU GONTIER;1253085;CHATEAU GONTIER;CR12;Jeunes;individuel;2026;;;;RENCONTRE JEUNES;;;;;;;chateaugontier.tiralarc@gmail.com;0;;https://tiralarcchg.sportregion.fr;Terrain Extérieur;;Rue bois plaidé;;53200;CHATEAU GONTIER;47.8228;-0.69844
09/05/2026;09/05/2026;CONCOURS EXTERIEUR SPECIAL JEUNES;MESLAY DU MAINE;1253072;MESLAY DU MAINE;CR12;Jeunes;individuel;2026;;;;RENCONTRE JEUNES;;;;;;;besnard.cyril@laposte.net;0;;;STADE DE L'HOMMEAU;;Route de laval;;53170;MESLAY DU MAINE;47.95219;-0.55706
11/11/2025;11/11/2025;CONCOURS JEUNES ET ADULTES DEBUTANTS;AIZENAY;1285133;AIZENAY;CR12;Loisirs;individuel;2026;;;;Débutants;;;;;;;arc.aizenay@gmail.com;0;;http://archer-club-aizenay.club.sportsregions.fr;ANCIENNE SALLE DE TENNIS ;;Rue du pont de quatre metres;;85190;AIZENAY;46.73474;-1.60803
17/01/2026;17/01/2026;SPÉCIAL JEUNES, ADULTES DÉBUTANTS;POUZAUGES;1285128;POUZAUGES;CR12;Loisirs;individuel;2026;;;;Jeunes débutants;;;;;;;archers.pouzauges@orange.fr;0;;http://club.sportsregions.fr/archersdepouzauges/;Salle de l'étoile;;Rue buffon;Buffon;85700;POUZAUGES;46.77383;-0.83881
22/11/2025;22/11/2025;SPÉCIAL JEUNES ET DÉBUTANTS 2025-2026;FONTENAY LE COMTE;1285122;FONTENAY LE COMTE;CR12;Loisirs;individuel;2026;;;;Débutants;;;;;;;archers.fontenay@gmail.com;0;;https://tiralarcfontenaisien.wordpress.com/;Salle de la Grande Prairie;;Avenue du général de gaulle;;85200;FONTENAY LE COMTE;46.46039;-0.80853
17/01/2026;17/01/2026;2ÈME ÉTAPE DU CHALLENGE CHAIRMARTIN;SAINT-MACAIRE-EN-MAUGES;1249059;ST MACAIRE EN MAUGES;CR12;Loisirs;individuel;2026;;;;Débutants;;;;;;;gilles.oll49@gmail.com;0;;https://sites.google.com/view/la-fleche-macairoise/accueil;Salle Thomas-Dupouet;;14  Rue du docteur schweitzer;Saint macaire en mauges;49450;ST MACAIRE EN MAUGES;47.12589;-0.99439
29/11/2025;29/11/2025;CHALLENGE CHARMARTIN;DAUMERAY;1249068;DAUMERAY;CR12;Loisirs;individuel;2026;;;;Débutants;;;;;;;jpld.dupuis@orange.fr;0;;http://www.daumeray-archerie.com;Salle de sports;;Rue de la liberté;;49640;DAUMERAY;47.7;-0.35581
01/03/2026;01/03/2026;LOISIR 3D INDOOR;ST HERBLAIN;1244002;ST HERBLAIN;CR12;Loisirs;individuel;2026;;;;Autre;;;;;;;concours@archersdesaintherblain.fr;0;;https://www.archersdesaintherblain.fr;Complexe Sportif du vigneau;;Boulevard salvador allende;;44800;ST HERBLAIN;47.21735;-1.6221
01/11/2025;01/11/2025;LOISIRS;PONTCHATEAU;1244019;PONTCHATEAU;CR12;Loisirs;individuel;2026;;;;Débutants;;;;;;;greg.guibert44@free.fr;0;;https://lesarchersdubrivet.jimdofree.com/;gymnase du Landas;;Route de st-roch;;44160;PONTCHATEAU;;
10/01/2026;10/01/2026;LOISIR DÉBUTANT;PIRIAC SUR MER;1244028;PIRIAC SUR MER;CR12;Loisirs;individuel;2026;;;;Débutants;;;;;;;les.archers.piriacais@gmail.com;0;;http://lesarcherspiriacais.jimdo.com/;espace kerdinio;;Rue de papegault;Kerdinio;44420;PIRIAC SUR MER;47.37784;-2.53074
17/01/2026;17/01/2026;2ÈME ÉTAPE DU CHALLENGE CHAIRMARTIN;MURS ERIGNE;1249058;MURS ERIGNE;CR12;Loisirs;individuel;2026;;;;Débutants;;;;;;;peltiermichael3@gmail.com;0;;https://archersaubance.wixsite.com/website;Salle des Grands Moulins;;Rue emile desmas;;49610;MURS ERIGNE;47.39503;-0.53618
28/03/2026;28/03/2026;CONCOURS ENTRE NOUS;SILLE LE GUILLAUME;1272109;SILLE LE GUILLAUME;CR12;Loisirs;individuel;2026;;;;Autre;;;;;;;nathaliebecu@wanadoo.fr;0;;;La Metallerie;;209 Rue marcel tabur;;72140;CRISSE;48.17502;-0.14927
13/12/2025;13/12/2025;JOURNÉE DE L'ARCHÈRE;VERTOU;1244041;VERTOU;CR12;Loisirs;individuel;2026;;;;Autre;;;;;;;journee_archeres@vertouarc.fr;0;;http://www.vertouarc.fr;Gymnase Raymond Durand;;42 Rue du mortier vannerie;;44120;VERTOU;47.18435;-1.49660
17/01/2026;17/01/2026;3D INDOOR;SAINT-GERVAIS;1285143;ARCHERY LEGACY VENDÉE;CR12;Loisirs;individuel;2026;;;;Autre;;;;;;;pascal.lapkine@outlook.fr;0;;;Salle des fêtes des primevères;;Rue des primevères;;85230;ST GERVAIS;46.90123;-2.00043
18/04/2026;18/04/2026;SPECIAL DEBUTANTS CANDE 18 AVRIL 2026;CANDE;1249047;CANDE;CR12;Loisirs;individuel;2026;;;;Débutants;;;;;;;archersdusocande@gmail.com;0;;https://archers-du-so-cande.jimdo.com/;Stade Guy LANGEVIN;;Route de freigne;;49440;CANDE;47.55557;-1.05145
08/03/2026;08/03/2026;CONCOURS MULTI DISCIPLINES;CHANGE;1253078;CHANGE;CR12;Loisirs;individuel;2026;;;;Autre;;;;;;;uschangetiralarc@gmail.com;0;;;salle des sports ;;Rue des bordagers;;53810;CHANGE;48.09573;-0.7695
02/05/2026;02/05/2026;TIR PARCOURS DECOUVERTE 2026;THOUARSAIS-BOUILDROUX;1285122;FONTENAY LE COMTE;CR12;Loisirs;individuel;2026;;;;Autre;;;;;;;archers.fontenay@gmail.com;0;;https://tiralarcfontenaisien.wordpress.com/;Centre La Largère;;Hameau la largère;;85410;THOUARSAIS BOUILDROUX;46.60294;-0.88362
16/05/2026;16/05/2026;CONCOURS INTERNE LOISIR;LE MANS;1272105;LE MANS;CR12;Loisirs;individuel;2026;;;;Autre;;;;;;;emilie.thomas.lm@gmail.com;0;;https://sites.google.com/view/lemanssomtiralarc;Gymnase de la Californie;;201 Rue henri champion;;72100;LE MANS;47.98331;0.23376
06/06/2026;06/06/2026;FINALE CHAIRMARTIN TAE 18M;CANDÉ;1249047;CANDE;CR12;Loisirs;individuel;2026;;;;Débutants;;;;;;;archersdusocande@gmail.com;0;;https://archers-du-so-cande.jimdo.com/;Stade Guy Langevin;;Route de freigne;;49440;CANDE;47.55436;-1.0533
21/03/2026;21/03/2026;CHAIRMARTIN 3D SÉLECTION;SAUMUR;1249066;SAUMUR;CR12;Loisirs;individuel;2026;;;;Débutants;;;;;;;patrickmartin49@orange.fr;0;;http://ja-saumur-tiralarc.com;Terrefort;;Rue de romans;;49400;SAUMUR;47.24718;-0.10687
21/03/2026;21/03/2026;CHAIRMARTIN 3D SÉLECTION;CHEMILLÉ;1249061;CHEMILLE;CR12;Loisirs;individuel;2026;;;;Débutants;;;;;;;archerschemillois.president@gmail.com;0;;;terrain;;1 Rue des étangs de melay;;49120;CHEMILLE;47.18388;-0.69659
14/03/2026;14/03/2026;CONCOURS DÉBUTANTS;FONTENAY LE COMTE;1285122;FONTENAY LE COMTE;CR12;Loisirs;individuel;2026;;;;Débutants;;;;;;;archers.fontenay@gmail.com;0;;https://tiralarcfontenaisien.wordpress.com/;Salle de la Grande Prairie;;Avenue général de gaulle;;85200;FONTENAY LE COMTE;46.45982;-0.81394
24/01/2026;24/01/2026;ST SÉBASTIEN;MAINE;1272108;LE MANS MAINE;CR12;Loisirs;individuel;2026;;;;Autre;;;;;;;contacts@arcdumaine.fr;0;;http://www.arcdumaine.fr;;;;;;;;
28/03/2026;28/03/2026;FIN DE SAISON SALLE;MAINE;1272108;LE MANS MAINE;CR12;Loisirs;individuel;2026;;;;Autre;;;;;;;contacts@arcdumaine.fr;0;;http://www.arcdumaine.fr;;;;;;;;
06/06/2026;06/06/2026;CHALLENGE EXTÉRIEUR;MAINE;1272108;LE MANS MAINE;CR12;Loisirs;individuel;2026;;;;Autre;;;;;;;contacts@arcdumaine.fr;0;;http://www.arcdumaine.fr;;;;;;;;
20/12/2202;20/12/2025;TIR DE NOËL;LE MANS;1272108;LE MANS MAINE;CR12;Loisirs;individuel;2026;;;;Autre;;;;;;;contacts@arcdumaine.fr;0;;http://www.arcdumaine.fr;;;;;;;;
20/12/2025;20/12/2025;TIR DE NOEL;LE MANS;1272108;LE MANS MAINE;CR12;Loisirs;individuel;2026;;;;Autre;;;;;;;contacts@arcdumaine.fr;0;;http://www.arcdumaine.fr;;;;;;;;
10/01/2026;11/01/2026;CONCOURS SALLE 2X18M;SAINT FLORENT LE VIEIL;1249140;LES ARCHERS FLORENTAIS;CR12;Tir à 18m;individuel;2026;;;;2X18M;;;;N;;;archersflorentais@outlook.fr;0;;https://www.lesarchersflorentais.com/;Salle de la Bergerie;;Rue des sports;Saint florent le vieil;49410;ST FLORENT LE VIEIL;47.35734;-1.01244
20/12/2025;21/12/2025;CONCOURS DE NOEL;AIZENAY;1285133;AIZENAY;CR12;Tir à 18m;individuel;2026;;;;2X18M;;;;N;;;arc.aizenay@gmail.com;0;;http://archer-club-aizenay.club.sportsregions.fr;SALLE DE LA GALERNE;;Impasse de la galerne;;85190;AIZENAY;46.74718;-1.61804
10/01/2026;11/01/2026;CHAMPIONNAT INDIVIDUEL;CHANTONNAY;1285116;CHANTONNAY;CR12;Tir à 18m;individuel;2026;;;;2X18M;;;;N;;;arcchantonnay85@gmail.com;0;;;Salle Arc en Ciel;;Rue rue arc en ciel;;85110;CHANTONNAY;46.68742;-1.04138
25/10/2025;26/10/2025;2 X 18 M;CHEMILLÉ EN ANJOU;1249061;CHEMILLE;CR12;Tir à 18m;individuel;2026;;;;2X18M;;;;N;;;archerschemillois.president@gmail.com;0;;;salle de la Gabardière;;Rue de la gabardière;;49120;CHEMILLE;;
18/10/2025;19/10/2025;TIR EN SALLE 2X18;MONTAIGU VENDEE;1285121;MONTAIGU;CR12;Tir à 18m;individuel;2026;;;;2X18M;;;;N;;;f.rabreau@gmail.com;0;;http://archersdeladigue.fr/;COMPLEXE SPORTIF LEONARD DE VINCI;;Impasse fromenteau;;85600;MONTAIGU;46.96997;-1.29719
08/11/2025;09/11/2025;CONCOURS EN SALLE 2X18M;BEAUPREAU EN MAUGES;1249054;BEAUPREAU;CR12;Tir à 18m;individuel;2026;;;;2X18M;;;;N;;;infos@tiralarc-beaupreau.fr;0;;http://www.tiralarc-beaupreau.fr/;salle Omnisport de la Promenade;;Route de nantes;;49600;BEAUPREAU;47.19378;-0.99332
25/10/2025;26/10/2025;CONCOURS LES SABLES;LES SABLES D'OLONNE;1285132;LES SABLES D'OLONNE;CR12;Tir à 18m;individuel;2026;;;;2X18M;;;;N;;;rossialain85@gmail.com;0;;http://arc-sablais.sportsregions.fr/;Gymnase des SAUNIERS;;Impasse des sauniers;;85100;LES SABLES D OLONNE;46.50593;-1.79812
06/12/2025;07/12/2025;SALLE;NANTES;1244044;NANTES;CR12;Tir à 18m;individuel;2026;;;;2X18M;;;;N;;;secretariat.archersnantais@gmail.com;0;;https://archers-nantais.org;Gymnase de la Ripossière;;Rue des gobelets;;44200;NANTES;47.19122;-1.5291
01/11/2025;02/11/2025;TIR 18M SALLE;MURS-ERIGNE;1249058;MURS ERIGNE;CR12;Tir à 18m;individuel;2026;;;;2X18M;;;;N;;;peltiermichael3@gmail.com;0;;https://archersaubance.wixsite.com/website;Salle des Grands Moulins;;Rue emile desmas;;49610;MURS ERIGNE;47.39508;-0.53621
24/01/2026;25/01/2026;CHAMPIONNAT DEPARTEMENTAL SALLE ADULTE;MURS-ERIGNE;1249058;MURS ERIGNE;CR12;Tir à 18m;individuel;2026;;;;2X18M;;;;N;;;peltiermichael3@gmail.com;0;;https://archersaubance.wixsite.com/website;Salle des Grands Moulins;;Rue emile desmas;;49610;MURS ERIGNE;47.39504;-0.5362
20/12/2025;21/12/2025;CONCOURS DE NOEL MJTA49;MONTREUIL-JUIGNÉ;1249067;MONTREUIL JUIGNE;CR12;Tir à 18m;individuel;2026;;;;2X18M;;;;N;;;mjta49@gmail.com;0;;http://www.mjta49.com;Salle Simonne Mathieu;;Rue david d'angers;;49460;MONTREUIL JUIGNE;47.52557;-0.60733
18/01/2026;18/01/2026;CONCOURS SALLE POUZAUGES 2026;POUZAUGES;1285128;POUZAUGES;CR12;Tir à 18m;individuel;2026;;;;2X18M;;;;N;;;archers.pouzauges@orange.fr;0;;http://club.sportsregions.fr/archersdepouzauges/;Salle de l'étoile;;Rue buffon;Buffon;85700;POUZAUGES;46.77383;-0.83881
01/11/2025;01/11/2025;NOCTURNE SALLE 2025;PONTCHATEAU;1244019;PONTCHATEAU;CR12;Tir à 18m;individuel;2026;;;;2X18M;;;;N;;;greg.guibert44@free.fr;0;;https://lesarchersdubrivet.jimdofree.com/;Gymnase du Landas;;Route de st-roch;;44160;PONTCHATEAU;;
02/11/2025;02/11/2025;SALLE 2025;PONTCHATEAU;1244019;PONTCHATEAU;CR12;Tir à 18m;individuel;2026;;;;2X18M;;;;N;;;greg.guibert44@free.fr;0;;https://lesarchersdubrivet.jimdofree.com/;Gymnase du Landas;;Route de st-roch;;44160;PONTCHATEAU;;
11/10/2025;12/10/2025;CONCOURS TIR À L'ARC SALLE;LE BEIGNON-BASSET 85170 LE POIRÉ SUR VIE;1285131;BEIGNON BASSET;CR12;Tir à 18m;individuel;2026;;;;2X18M;;;;N;;;hubertgautierabb@orange.fr;0;;https://www.amicale-beignonbasset.fr/;Salle de sports;;6 Rue des violettes;Le beignon-basset;85170;LE POIRE SUR VIE;;
10/01/2026;11/01/2026;CONCOURS SALLE CARQUEFOU;CARQUEFOU;1244009;CARQUEFOU;CR12;Tir à 18m;individuel;2026;;;;2X18M;;;;N;;;president@archersdelerdre.info;0;;https://www.archersdelerdre.fr;Espace sportif La Forêt;;Rue victor hugo;;44470;CARQUEFOU;47.28312;-1.48129
07/12/2025;07/12/2025;CONCOURS SALLE;MAZÉ;1249049;MAZE;CR12;Tir à 18m;individuel;2026;;;;2X18M;;;;N;;;ava.maze49@gmail.com;0;;http://www.ava-maze.com;Salle François Cévert;;Allée du clos;;49630;MAZE;47.46159;-0.27175
15/11/2025;16/11/2025;TIR SALLE 2025-2026;FONTENAY LE COMTE;1285122;FONTENAY LE COMTE;CR12;Tir à 18m;individuel;2026;;;;2X18M;;;;N;;;archers.fontenay@gmail.com;0;;https://tiralarcfontenaisien.wordpress.com/;Complexe sportif Chamiraud;;Rue amand bujard;;85200;FONTENAY LE COMTE;46.46556;-0.81851
20/12/2025;21/12/2025;SÉLECTIF SALLE 2026;MONTOIR DE BRETAGNE;1244027;MONTOIR DE BRETAGNE;CR12;Tir à 18m;individuel;2026;;;;2X18M;;;;N;;;lesarchersmontoirins@gmail.com;0;;;Gymnase ;;1 Avenue ile de france;;44550;MONTOIR DE BRETAGNE;47.33043;-2.15236
22/11/2025;23/11/2025;TIR SALLE;LE LUART;1272095;LE LUART;CR12;Tir à 18m;individuel;2026;0;;D;2X18M;;;;O;;;annemarieaa72@gmail.com;0;;http://usl-le-luart.fr.gd;salle communautaire;;Rue des bains;;72390;LE LUART;48.07366;0.59272
18/10/2025;19/10/2025;SALLE;LE LUART;1272095;LE LUART;CR12;Tir à 18m;individuel;2026;;;;2X18M;;;;N;;;annemarieaa72@gmail.com;0;;http://usl-le-luart.fr.gd;salle communautaire;;Rue des bains;;72390;LE LUART;48.07366;0.59272
13/12/2025;14/12/2025;TIR EN SALLE 2X18M;ANCENIS-SAINT-GEREON;1244005;SAINT GEREON;CR12;Tir à 18m;individuel;2026;;;;2X18M;;;;N;;;archersdugotha@gmail.com;0;;https://archers-du-gotha.assoconnect.com;Salle de la Charbonnière ;;Boulevard de kirkham;;44150;ANCENIS;47.36302;-1.18352
08/11/2025;09/11/2025;CONCOURS 18 M;SILLE LE GUILLAUME;1272109;SILLE LE GUILLAUME;CR12;Tir à 18m;individuel;2026;;;;2X18M;;;;N;;;nathaliebecu@wanadoo.fr;0;;;La Metallerie;;209 Rue marcel tabur;;72140;SILLE LE GUILLAUME;48.17502;-0.14927
11/10/2025;12/10/2025;TIR SALLE CANDE 11 ET 12 OCTOBRE 2025;CANDE;1249047;CANDE;CR12;Tir à 18m;individuel;2026;;;;2X18M;;;;N;;;archersdusocande@gmail.com;0;;https://archers-du-so-cande.jimdo.com/;salle omnisports ;;Allée charpentier;;49440;CANDE;47.55828;-1.02977
01/11/2025;02/11/2025;TIR A 18 M LAIGNE ST GERVAIS; LAIGNÉ-SAINT-GERVAIS;1272091;LAIGNÉ SAINT GERVAIS;CR12;Tir à 18m;individuel;2026;;;;2X18M;;;;N;;;christophe.ehermann@gmail.com;0;;https://www.colsg.fr/tir-a-l-arc/;Gymnase Jean Claverie;;28B Rue frères bailleul;;72220;LAIGNE EN BELIN;47.87805;0.22427
13/12/2025;14/12/2025;TIR A 18 M LAIGNE ST GERVAIS;LAIGNE SAINT GERVAIS;1272091;LAIGNÉ SAINT GERVAIS;CR12;Tir à 18m;individuel;2026;;;;2X18M;;;;N;;;christophe.ehermann@gmail.com;0;;https://www.colsg.fr/tir-a-l-arc/;Gymnase Jean Claverie;;28B Rue frères bailleul;;72220;LAIGNE EN BELIN;47.87805;0.22427
17/01/2026;17/01/2026;CHAMPIONNAT DEPARTEMENTAL JEUNES;LAIGNE SAINT GERVAIS;1272091;LAIGNÉ SAINT GERVAIS;CR12;Tir à 18m;individuel;2026;72000;;D;2X18M;;;;O;;;christophe.ehermann@gmail.com;0;;https://www.colsg.fr/tir-a-l-arc/;Gymnase Jean Claverie;;28B Rue frères bailleul;;72220;LAIGNE EN BELIN;47.87805;0.22427
29/11/2025;30/11/2025;CONCOURS SALLE 2 X 18 METRES;CHALLANS;1285134;CHALLANS;CR12;Tir à 18m;individuel;2026;;;;2X18M;;;;N;;;nadegecadorel85300@gmail.com;0;;;COMPLEXE PIERRE DE COUBERTIN;;16 Rue pierre de coubertin;;85300;CHALLANS;46.83135;-1.88527
15/11/2025;16/11/2025;CONCOURS EN SALLE 2X18M;LE FUILET;1249054;BEAUPREAU;CR12;Tir à 18m;individuel;2026;;;;2X18M;;;;N;;;archersduparadis@gmail.com;0;;https://archersduparadislefuilet.sportsregions.fr;salle de Sport;;Rue de la mairie;;49270;LE FUILET;47.28047;-1.11908
18/10/2025;19/10/2025;TIR EN SALLE 18 M;PORNIC;1244046;PORNIC;CR12;Tir à 18m;individuel;2026;;;;2X18M;;;;N;;;picotpeinture@wanadoo.fr;0;;http://www.archers-pornic.org/;Pôle Des Buissonnets;;Rue 30 bis des buissonnets;;44210;PORNIC;47.11169;-2.08313
25/10/2025;25/10/2025;TIR EN SALLE À LA TURBALLE;LA TURBALLE;1244036;LA TURBALLE;CR12;Tir à 18m;individuel;2026;;;;2X25M + 2X18M;;;T;N;;;benjamin.jube44420@gmail.com;7700;;;Complexe sportif ;;Allée des sports;;44420;LA TURBALLE;47.3497;-2.51102
26/10/2025;26/10/2025;TIR EN SALLE À LA TURBALLE;LA TURBALLE;1244036;LA TURBALLE;CR12;Tir à 18m;individuel;2026;;;;2X18M;;;;N;;;benjamin.jube44420@gmail.com;0;;;Complexe sportif ;;Allée des sports;;44420;LA TURBALLE;47.3497;-2.51102
31/01/2026;31/01/2026;CD44 EQUIPE BB-CL ET CO À LA TURBALLE;LA TURBALLE;1244036;LA TURBALLE;CR12;Tir à 18m;individuel;2026;;;;2X18M;;;;O;;;benjamin.jube44420@gmail.com;0;;;Complexe sportif ;;Allée des sports;;44420;LA TURBALLE;47.3497;-2.51102
14/12/2025;14/12/2025;CONCOURS ;BOUGUENAIS;1244022;BOUGUENAIS;CR12;Tir à 18m;individuel;2026;;;;2X18M;;;;N;;;cabbouguenais@gmail.com;0;;https://cabouguenais.jimdofree.com/;SALLE DES BELIANS;;Rue ginsheim gustavsburg;;44340;BOUGUENAIS;47.17351;-1.60493
18/01/2026;18/01/2026;CONCOURS SALLE 18M;SAINT-MACAIRE-EN-MAUGES;1249059;ST MACAIRE EN MAUGES;CR12;Tir à 18m;individuel;2026;;;;2X18M;;;;N;;;gilles.oll49@gmail.com;0;;https://sites.google.com/view/la-fleche-macairoise/accueil;salle Thomas Dupouet;;14 Rue du docteur schweitzer;Saint macaire en mauges;49450;ST MACAIRE EN MAUGES;47.12582;-0.99448
22/11/2025;23/11/2025;TIR SALLE À 18M;SAUMUR;1249066;SAUMUR;CR12;Tir à 18m;individuel;2026;;;;2X18M;;;;N;;;patrickmartin49@orange.fr;0;;http://ja-saumur-tiralarc.com;gymnase du Vigneau;;29 Rue des vendanges;;49400;SAUMUR;47.24818;-0.06784
08/11/2025;09/11/2025;CHAMPIONNAT INDIVIDUEL;SAINT-NAZAIRE;1244024;ST NAZAIRE;CR12;Tir à 18m;individuel;2026;;;;2X18M;;;;N;;;throy@orange.fr;0;;https://archersnazairiens.fr/;gymnase Jean Fabry;;152-154 Boulevard broodcoorens;;44600;ST NAZAIRE;47.26789;-2.24532
15/11/2025;16/11/2025;CONCOURS SALLE VERTOU;VERTOU;1244041;VERTOU;CR12;Tir à 18m;individuel;2026;;;;2X18M;;;;N;;;bureau@vertouarc.fr;0;;http://www.vertouarc.fr;Gymnasse Raymond Durand;;Rue mortier vannerie;;44120;VERTOU;47.18111;-1.49886
26/10/2025;26/10/2025;CONCOURS SALLE LA HAYE FOUASSIERE;LA HAYE FOUASSIÈRE;1244013;LA HAYE FOUASSIERE;CR12;Tir à 18m;individuel;2026;;;;2X18M;;;;N;;;archaye44@gmail.com;0;;http://archaye.fr;Complèxe Sportif du Moulin des Landes;;Route de la juiverie;;44690;LA HAIE FOUASSIERE;47.16005;-1.40203
15/11/2025;16/11/2025;TIR EN SALLE ;ANGERS;1249056;ANGERS;CR12;Tir à 18m;individuel;2026;;;;2X18M;;;;N;;;sgta.communication@gmail.com;0;;http://www.sgta-tir-a-larc.com;le 37;;37 Route de bouchemaine;;49000;ANGERS;47.44627;-0.57533
02/11/2025;02/11/2025;RENCONTRE DES 30 ANS AUX PRIMEVÈRES;SAINT GERVAIS;1285123;BEAUVOIR SUR MER;CR12;Tir à 18m;individuel;2026;;;;2X18M;;;;N;;;archers-du-pays-du-gois@laposte.net;0;;http://www.archersdupaysdugois.wordpress.com;Salle des Primevères;;Rue des primevères;;85230;ST GERVAIS;46.90079;-1.99984
30/11/2025;30/11/2025;CONCOURS QUALIFICATIF;DAUMERAY;1249068;DAUMERAY;CR12;Tir à 18m;individuel;2026;;;;2X18M;;;;N;;;jpld.dupuis@orange.fr;0;;http://www.daumeray-archerie.com;Salle de sports;;Rue de la liberté;;49640;DAUMERAY;47.7;-0.35581
15/11/2025;16/11/2025;CONCOURS SALLE NOVEMBRE;SABLE SUR SARTHE;1272090;SABLE SUR SARTHE;CR12;Tir à 18m;individuel;2026;;;;2X18M;;;;N;;;lesarchersdesable72@gmail.com;0;;de precigne;salle henri bonnet;;route de precigne Route de precigne;;72300;SABLE SUR SARTHE;47.82814;-0.32018
24/01/2026;25/01/2026;CONCOURS SALLE JANVIER;SABLE SUR SARTHE;1272090;SABLE SUR SARTHE;CR12;Tir à 18m;individuel;2026;;;;2X18M;;;;N;;;lesarchersdesable72@gmail.com;0;;de precigne;salle henri bonnet;;Route de precigne;;72300;SABLE SUR SARTHE;47.82821;-0.32019
13/12/2025;14/12/2025;CONCOUR SALLE 2025;CHOLET;1249050;CHOLET TAC;CR12;Tir à 18m;individuel;2026;;;;2X18M;;;;N;;;arc.cholet@gmail.com;0;;http://www.arc-cholet.com/;Salle de sports Rambourg;;32 Rue rue de rambourg;;49300;CHOLET;47.06592;-0.88509
11/01/2026;11/01/2026;TIR À 18M;CHATEAU-GONTIER;1253085;CHATEAU GONTIER;CR12;Tir à 18m;individuel;2026;;;;2X18M;;;;N;;;chateaugontier.tiralarc@gmail.com;0;;https://tiralarcchg.sportregion.fr;Salle des Azélines;;Rue de la croix de pierre;;53200;AZE;;
03/01/2026;03/01/2026;2X18M;CHATEAUBRIANT;1244035;CHATEAUBRIANT;CR12;Tir à 18m;individuel;2026;;;;2X18M;;;;N;;;p.comcom4@orange.fr;0;;http://archersdelamee.org/;Centre Municipal des Sports ;;Rue rue de la libération;;44110;CHATEAUBRIANT;47.71358;-1.3793
04/01/2026;04/01/2026;TARGET;CHATEAUBRIANT;1244035;CHATEAUBRIANT;CR12;Tir à 18m;individuel;2026;;;;2X25M + 2X18M;;;T;N;;;p.comcom4@orange.fr;7700;;http://archersdelamee.org/;Centre Municipal des Sports ;;Rue rue de la libération;;44110;CHATEAUBRIANT;47.71358;-1.3793
14/12/2025;14/12/2025;CONCOURS TARGET;CHANGE;1253078;CHANGE;CR12;Tir à 18m;individuel;2026;;;;2X18M;;;T;N;;;uschangetiralarc@gmail.com;7700;;;Parc des Sports;;Rue des bordagers;;53810;CHANGE;48.09685;-0.77538
06/12/2025;07/12/2025;CONCOURS SALLE 2X18M;LA GARNACHE;1285113;LA GARNACHE;CR12;Tir à 18m;individuel;2026;;;;2X18M;;;;N;;;garna.archers.85@gmail.com;0;;https://garna-archers.fr;complexe sportif du carcaud;;Route de bois de cené;;85710;LA GARNACHE;46.89915;-1.836
03/01/2026;04/01/2026;CONCOURS SALLE THOUARE-SUR-LOIRE;BASSE-GOULAINE ;1244003;THOUARE SUR LOIRE;CR12;Tir à 18m;individuel;2026;;;;2X18M;;;;N;;;archersthouareens@yahoo.fr;0;;http://archers-thouareens.sportsregions.fr;Gymnase de la Chesnaie;;121 Rue de la chenaie;;44115;BASSE GOULAINE;47.19929;-1.45395
23/11/2025;23/11/2025;SELECTIF 18M;LA BAULE;1244015;LA BAULE;CR12;Tir à 18m;individuel;2026;;;;2X18M;;;;N;;;secretariat.ascetiralarc@gmail.com;0;;http://ascearclabaule-escoublac.clubeo.com/;Complexe sportif Alain Burban;;7 Avenue du boi robin;;44500;LA BAULE ESCOUBLAC;47.29534;-2.35336
29/11/2025;30/11/2025;CONCOURS SALLE ORVAULT;ORVAULT;1244042;ORVAULT;CR12;Tir à 18m;individuel;2026;;;;2X18M;;;;N;;;archers.orvault@gmail.com;0;;http://www.archersdorvault.com;Gymnase du Complexe Sportif Roger Picaud;;108bis Avenue claude antoine peccot;;44700;ORVAULT;47.2514;-1.61092
08/11/2025;09/11/2025;CLISSON-TAS 2026;CLISSON;1244004;CLISSON;CR12;Tir à 18m;individuel;2026;;;;2X18M;;;;N;;;ber_naud@orange.fr;0;;;Gymnase Cacault;;Place esplanade de klettgau;Esplanade de klettgau;44190;CLISSON;47.09315;-1.28869
22/11/2025;23/11/2025;CONCOURS SALLE;ST HERBLAIN;1244002;ST HERBLAIN;CR12;Tir à 18m;individuel;2026;;;;2X18M;;;;N;;;concours@archersdesaintherblain.fr;0;;https://www.archersdesaintherblain.fr;Complexe Sportif du vigneau;;Boulevard salvador allende;;44800;ST HERBLAIN;47.21735;-1.6221
02/11/2025;02/11/2025;2 FOIS 18M SELECTIF CHAMPIONNAT DE FRANCE;REZE;1244018;REZE;CR12;Tir à 18m;individuel;2026;;;;2X18M;;;;N;;;pascal.depeyre@sfr.fr;0;;http://laflecheragonnaise.jimdo.com;gymnase Evelyne Crétual;;30 Rue augustin mouillé;;44400;REZE;47.17869;-1.54833
10/01/2026;11/01/2026;2 FOIS 18M SELECTIF CHAMPIONNAT DE FRANCE;MAISDON SUR SEVRE;1244018;REZE;CR12;Tir à 18m;individuel;2026;;;;2X18M;;;;N;;;pascal.depeyre@sfr.fr;0;;http://laflecheragonnaise.jimdo.com;salle des sports de Maisdon sur Sèvre;;Rue des abbés coutais;;44690;MAISDON SUR SEVRE;47.09672;-1.38307
22/11/2025;23/11/2025;TIR À 18 M DES ROBINS;85150 SAINTE-FOY;1285138;SAINTE FOY;CR12;Tir à 18m;individuel;2026;;;;2X18M;;;;N;;;lesrobinsdesfoy@gmail.com;0;;https://lesrobinsdesfoy.sportsregions.fr/;salle de tennis;;Allée des pins;;85150;STE FOY;46.54798;-1.67783
10/01/2026;11/01/2026;TIR À 18M;LE MANS;1272108;LE MANS MAINE;CR12;Tir à 18m;individuel;2026;;;;2X18M;;;;N;;;contacts@arcdumaine.fr;0;;http://www.arcdumaine.fr;Gymnase Georges Braque;;Place d'arcachon;;72190;COULAINES;48.0236;0.1998
08/11/2025;09/11/2025;TIR A 18M (2X18);SAINT GILLES CROIX DE VIE;1285117;ST GILLES CROIX DE VIE;CR12;Tir à 18m;individuel;2026;;;;2X18M;;;;N;;;archers.saint.gilles@gmail.com;0;;http://www.archersdesaintgilles.fr;Salle de la Chapelle;;Rue du bois;;85800;ST GILLES CROIX DE VIE;46.69413;-1.92667
10/01/2026;11/01/2026;CONCOURS SALLE PIRIAC SUR MER;PIRIAC SUR MER;1244028;PIRIAC SUR MER;CR12;Tir à 18m;individuel;2026;;;;2X18M;;;;N;;;les.archers.piriacais@gmail.com;0;;http://lesarcherspiriacais.jimdo.com/;kerdinio;;Rue du papegault;Kerdinio;44420;PIRIAC SUR MER;47.37784;-2.53074
25/10/2025;25/10/2025;CONCOURS SALLE DAMES;LE MANS;1272105;LE MANS;CR12;Tir à 18m;individuel;2026;;;;2X18M;;;;N;;;somtiralarc72@gmail.com;0;;https://sites.google.com/view/lemanssomtiralarc;Gymnase des Bruyères;;Rue henri champion;;72100;LE MANS;47.98182;0.23117
29/11/2025;30/11/2025;CONCOURS SALLE;LE MANS;1272105;LE MANS;CR12;Tir à 18m;individuel;2026;;;;2X18M;;;;N;;;somtiralarc72@gmail.com;0;;https://sites.google.com/view/lemanssomtiralarc;Gymnase des Bruyères;;Rue henri champion;;72100;LE MANS;47.98179;0.23125
13/12/2025;14/12/2025;CONCOURS SELECTIF;GROSBREUIL;1285124;GROSBREUIL;CR12;Tir à 18m;individuel;2026;;;;2X18M;;;;N;;;archersdegrosbreuil@orange.fr;0;;http://www.archersdegrosbreuil.com;SALLE OMNISPORTS;;Place place des meuniers;;85440;GROSBREUIL;46.5415;-1.61465
10/01/2026;11/01/2026;CHAMPIONNAT DEPARTEMENTAL JEUNES INDIVIDUEL;ANGERS;1249056;ANGERS;CR12;Tir à 18m;individuel;2026;49000;;D;2X18M;;;;O;;;sgta.communication@gmail.com;0;;http://www.sgta-tir-a-larc.com;Le 37;;37 Route de bouchemaine;;49000;ANGERS;47.44627;-0.57533
08/11/2025;08/11/2025;COMPÉTITION SALLE ;LAVAL;1253075;LAVAL;CR12;Tir à 18m;individuel;2026;;;;2X18M;;;;N;;;tiralarc.usl@gmail.com;0;;https://tiralarc.uslaval.fr/;Palindrome;;25 Rue albert einstein;;53000;LAVAL;48.05416;-0.74123
29/11/2025;30/11/2025;COMPÉTITION SALLE ;LAVAL;1253075;LAVAL;CR12;Tir à 18m;individuel;2026;;;;2X18M;;;;N;;;tiralarc.usl@gmail.com;0;;https://tiralarc.uslaval.fr/;Palindrome;;25 Rue albert einstein;;53000;LAVAL;48.05416;-0.74123
10/01/2026;10/01/2026;COMPÉTITION SALLE;LAVAL;1253075;LAVAL;CR12;Tir à 18m;individuel;2026;;;;2X18M;;;;N;;;tiralarc.usl@gmail.com;0;;https://tiralarc.uslaval.fr/;Palindrome ;;25 Rue albert einstein;;53000;LAVAL;48.05416;-0.74123
16/11/2025;16/11/2025;TIR A 18 M;MESLAY DU MAINE;1253072;MESLAY DU MAINE;CR12;Tir à 18m;individuel;2026;;;;2X18M;;;;N;;;ciestgeorgesmeslay@gmail.com;0;;;salle des sports A;;15 Rue de la gare;;53170;MESLAY DU MAINE;47.94894;-0.55757
17/01/2026;18/01/2026;CHAMPIONNAT DÉPARTEMANTAL;MAYENNE;1253084;MAYENNE;CR12;Tir à 18m;individuel;2026;53000;;D;2X18M;;;;N;;;fabien.gendry@free.fr;0;;http://tiralarc-mayenne-53100.sportregions.fr;Gymnase Jules Ferry;;6180  Rue  réaumur;;53100;MAYENNE;48.30107;-0.60825
26/10/2025;26/10/2025;TIR SALLE À 18M;LE GENEST SAINT ISLE;1253081;LE GENEST ST ISLE;CR12;Tir à 18m;individuel;2026;;;;2X18M;;;;N;;;emiliemoreau53@yahoo.fr;0;;lesarchersgenestois@gmail.com;Salle Roger Jannvier;;Chemin cheminn de pincelou;;53940;LE GENEST ST ISLE;48.102;-0.88987
21/12/2025;21/12/2025;CONCOURS DE NOEL 2 X 18M;LE PALINDROME DE LAVAL;1253081;LE GENEST ST ISLE;CR12;Tir à 18m;individuel;2026;;;;2X18M;;;;N;;;emiliemoreau53@yahoo.fr;0;;learchersgenestois@gmail.com;LE PALINDROME DE LAVAL;;25 rue Albert EInSTEIN Rue rue albert einstein;;53000;LAVAL;48.05416;-0.74123
12/10/2025;12/10/2025;CONCOURS OCTOBRE;LA FLECHE;1272098;LA FLECHE;CR12;Tir à 18m;individuel;2026;;;;2X18M;;;;N;;;ciearclafeche@gmail.com;0;;https://ciearclafleche.com/;La Monnerie;;Allée des fromenteaux la monnerie;;72200;LA FLECHE;47.71288;-0.0301
03/01/2026;04/01/2026;CONCOURS JANVIER;LA FLECHE;1272098;LA FLECHE;CR12;Tir à 18m;individuel;2026;;;;2X18M;;;;N;;;ciearclafeche@gmail.com;0;;https://ciearclafleche.com/;La Monnerie;;Allée des fromenteaux la monnerie;;72200;LA FLECHE ;47.70027;-0.05134
06/12/2025;07/12/2025;SALLE 2025;GUERANDE;1244001;GUERANDE;CR12;Tir à 18m;individuel;2026;;;;2X18M;;;;N;;;ciedarcdeguerande@gmail.com;0;;https://ciedarcdeguerande.wixsite.com/2019;Complexe de Kerbiniou;;Avenue gustave flaubert;;44350;GUERANDE;;
25/01/2026;25/01/2026;CHAMPIONNAT DÉPARTEMENTAL SALLE ADULTES ;GUÉRANDE ;1244001;GUERANDE;CR12;Tir à 18m;individuel;2026;44000;;D;2X18M;;;;N;;;ciedarcdeguerande@gmail.com;0;;https://ciedarcdeguerande.wixsite.com/2019;Complexe sportif de Kerbiniou;;Avenue gustave flaubert;;44350;GUERANDE;;
07/02/2026;08/02/2026;CHAMPIONNAT REGIONAL 18M ADULTES;LA GARNACHE;1285113;LA GARNACHE;CR12;Tir à 18m;individuel;2026;;CR12;R;2X18M;;;;O;;;chiron.couthouis@gmail.com;0;;https://garna-archers.fr;complexe sportif du carcaud;;Route de bois de cené;;85710;LA GARNACHE;46.89915;-1.836
06/12/2025;07/12/2025;TIR À 18M;ECOMMOY;1272096;ECOMMOY;CR12;Tir à 18m;individuel;2026;;;;2X18M;;;;N;;;limajacgue.62@gmail.com;0;;;Complexe Sportif de Fontenailles;;Allée de fontenailles;;72220;ECOMMOY;47.8258;0.27716
12/10/2025;12/10/2025;TIR À 18M;LE BIGNON;1244008;LE BIGNON;CR12;Tir à 18m;individuel;2026;;;;2X18M;;;;N;;;archersdubignon@gmail.com;0;;https://les-archers-du-bignon.jimdo.com/;Complexe sportif;;7 Rue du stade;;44140;LE BIGNON;47.10073;-1.48896
04/01/2026;04/01/2026;TIR À 18M;LUÇON;1285135;LUCON;CR12;Tir à 18m;individuel;2026;;;;2X18M;;;;N;;;les.archers.richelieu.lucon@gmail.com;0;;;Gymnase du Moulins Rouget;;33 Rue de la petite gorre;;85400;LUCON;46.45347;-1.15889
24/01/2026;25/01/2026;CHAMPIONNAT DÉPARTEMENTAL CD 85 TIR À 18M;MONTAIGU;1285121;MONTAIGU;CR12;Tir à 18m;individuel;2026;85000;;D;2X18M;;;;N;;;f.rabreau@gmail.com;0;;http://archersdeladigue.fr/;;;;;;;;
01/02/2026;01/02/2026;CHAMPIONNAT RÉGIONAL JEUNES TIR À 18M;DAUMERAY;1249068;DAUMERAY;CR12;Tir à 18m;individuel;2026;;CR12;R;2X18M;;;;O;;;jpld.dupuis@orange.fr;0;;http://www.daumeray-archerie.com;Salle des Sports;;Rue de la liberté;;49640;DAUMERAY;47.69986;-0.35483
21/12/2025;21/12/2025;CONCOURS ;BOUGUENAIS;1244022;BOUGUENAIS;CR12;Tir à 18m;individuel;2026;;;;2X18M;;;;N;;;cabbouguenais@gmail.com;0;;https://cabouguenais.jimdofree.com/;SALLE DES BELIANS;;Rue ginsheim gustavsburg;;44340;BOUGUENAIS;47.17351;-1.60493
17/01/2026;18/01/2026;CHAMPIONNAT DÉPARTEMENTAL JEUNES 18M;MONTOIR DE BRETAGNE;1244027;MONTOIR DE BRETAGNE;CR12;Tir à 18m;individuel;2026;;;;2X18M;;;;O;;;lesarchersmontoirins@gmail.com;0;;;Salle Bonne Fontaine;;1 Avenue ile de france;;44550;MONTOIR DE BRETAGNE;47.33043;-2.15236
17/01/2026;17/01/2026;TIR À18M JEUNES + ÉQUIPES;DAUMERAY;1249068;DAUMERAY;CR12;Tir à 18m;individuel;2026;;;;2X18M;;;;N;;;jpld.dupuis@orange.fr;0;;http://www.daumeray-archerie.com;Salle de sports;;Rue de la liberté;;49640;DAUMERAY;47.7;-0.35581
20/09/2025;21/09/2025;3D GARNACHOIS;LA GARNACHE;1285113;LA GARNACHE;CR12;Tir 3D;individuel;2026;0;;D;1 X 24 CIBLES;;;;N;;;garna.archers.85@gmail.com;0;;https://garna-archers.fr;Parc de Loisirs de l'Equaizière;;Rue jan et joêl martel;;85710;LA GARNACHE;46.89314;-1.83851
19/10/2025;19/10/2025;TIR 3D LE MANS;LE MANS;1272103;LE MANS NATURE;CR12;Tir 3D;individuel;2026;;;;1 X 24 CIBLES;;;;N;;;didier.tollet0277@orange.fr;0;;http://lesarchersdelanature.fr;LE MANS NATURE;;Route de la blanchardiere;Domaine de la blanchardiere;72560;CHANGE;47.99063;0.2683
16/05/2026;16/05/2026;3 D;PORNIC;1244046;PORNIC;CR12;Tir 3D;individuel;2026;;;;1 X 24 CIBLES;;;;N;;;picotpeinture@wanadoo.fr;0;;;du Patisseau;;Rue du patisseau;;44210;PORNIC;;
19/09/2026;20/09/2026;TIR 3D;LA GARNACHE;1285113;LA GARNACHE;CR12;Tir 3D;individuel;2026;0;;D;1 X 24 CIBLES;;;;N;;;garna.archers.85@gmail.com;0;;https://garna-archers.fr;Zone de loisirs de l'équaizière;;Rue jan et joël martel;Zone de l'équaizière;85710;LA GARNACHE;46.93641;-1.88661
12/07/2026;12/07/2026;CONCOURS 3D;VALLET ;1244031;VALLET;CR12;Tir 3D;individuel;2026;;;;1 X 24 CIBLES;;;;N;;;arcnaturevalletais2.0@gmail.com;0;;http://www.arcnaturevalletais.fr/;1;;Impasse la brangerie;La brangerie ;44330;MOUZILLON;47.1379;-1.25053
18/07/2026;18/07/2026;WEEK-END 3D;SAUMUR;1249066;SAUMUR;CR12;Tir 3D;individuel;2026;;;;1 X 24 CIBLES;;;;N;;;patrickmartin49@orange.fr;0;;http://ja-saumur-tiralarc.com;Bois de Terrefort;;Rue des romans;Terrefort;49400;SAUMUR;47.2535;-0.1185
19/07/2026;19/07/2026;WEEK-END TIR 3D;SAUMUR;1249066;SAUMUR;CR12;Tir 3D;individuel;2026;49000;;D;1 X 24 CIBLES;;;;N;;;patrickmartin49@orange.fr;0;;http://ja-saumur-tiralarc.com;Bois de Terrefort;;Rue des romans;Terrefort;49400;SAUMUR;47.2535;-0.1185
07/06/2026;07/06/2026;CONCOURS 3D;CORNILLÉ-LES-CAVES;1249049;MAZE;CR12;Tir 3D;individuel;2026;;;;1 X 24 CIBLES;;;;N;;;ava.maze49@gmail.com;0;;http://www.ava-maze.com;BOis;;Route de la touche;;49140;CORNILLE LES CAVES;47.50602;-0.29067
04/04/2026;04/04/2026;CONCOURS 3D PAQUES;BOULOIRE;1272093;BOULOIRE;CR12;Tir 3D;individuel;2026;;;;1 X 24 CIBLES;;;;N;;;archersduboisdesvallees@gmail.com;0;;;La Brousse;;Chemin pouvardière à la courbe;;72440;BOULOIRE;47.96444;0.5756
14/06/2026;14/06/2026;CONCOURS 3D JUIN;BOULOIRE;1272093;BOULOIRE;CR12;Tir 3D;individuel;2026;72000;;D;1 X 24 CIBLES;;;;N;;;archersduboisdesvallees@gmail.com;0;;;La Brousse;;Chemin pouvardière à la courbe;;72440;BOULOIRE;47.96444;0.5756
02/05/2026;02/05/2026;TIR 3D LE MANS;LE MANS;1272103;LE MANS NATURE;CR12;Tir 3D;individuel;2026;;;;1 X 24 CIBLES;;;;N;;;didier.tollet0277@orange.fr;0;;http://lesarchersdelanature.fr;LE MANS NATURE;;Chemin de la blanchardiere;Domaine de la blanchardiere;72560;CHANGE;47.99063;0.2683
03/05/2026;03/05/2026;TIR 3D LE MANS;LE MANS;1272103;LE MANS NATURE;CR12;Tir 3D;individuel;2026;;;;1 X 24 CIBLES;;;;N;;;didier.tollet0277@orange.fr;0;;http://lesarchersdelanature.fr;LE MANS NATURE;;Chemin de la blanchardiere;Domaine de la blanchardiere;72560;CHANGE;47.99063;0.2683
06/06/2026;07/06/2026;3D DONGES;SAVENAY;1244010;DONGES;CR12;Tir 3D;individuel;2026;;;;1 X 24 CIBLES;;;;N;;;launaythierry1961@gmail.com;0;;http://www.flechesdongeoises.com;La Vallée Mabille;;Route du lac;;44260;SAVENAY;47.35732;-1.92075
12/04/2026;12/04/2026;CONCOURS BEURSAULT ;LA FLECHE ;1272098;LA FLECHE;CR12;Tir Beursault;individuel;2026;;;;Beursault sélectif;;;;;;;ciearclafeche@gmail.com;0;;https://ciearclafleche.com/;Terrain rue Famille Bizot ;;Rue famille bizot;;72200;LA FLECHE;47.69004;-0.07497
06/09/2026;06/09/2026;CHAMPIONNAT DEPARTEMENTAL BEURSAULT ;LA FLECHE ;1272098;LA FLECHE;CR12;Tir Beursault;individuel;2026;72000;;D;Beursault sélectif;;;;;;;ciearclafeche@gmail.com;0;;https://ciearclafleche.com/;Terrain rue Famille Bizot ;;Rue famille bizot;;72200;LA FLECHE;47.69004;-0.07497
13/09/2026;13/09/2026;CHAMPIONNAT REGIONAL BEURSAULT ;LA FLECHE ;1272098;LA FLECHE;CR12;Tir Beursault;individuel;2026;;CR12;R;Beursault sélectif;;;;;;;ciearclafeche@gmail.com;0;;https://ciearclafleche.com/;Terrain rue Famille Bizot ;;Rue famille bizot;;72200;LA FLECHE;47.69004;-0.07497
02/05/2026;28/06/2026;TIR BEURSAULT;DONGES;1244010;DONGES;CR12;Tir Beursault;individuel;2026;;;;Beursault sélectif;;;;;;;launaythierry1961@gmail.com;0;;http://www.flechesdongeoises.com;Jeu d'Arc Jean-Yves Fouache;;Rue du stade;;44480;DONGES;47.31905;-2.08009
07/09/2025;07/09/2025;CAMPAGNE CANDÉ 07 SEPTEMBRE 2025;SEGRE;1249047;CANDE;CR12;Tir en Campagne;individuel;2026;;;;12 CONNUES + 12 INCONNUES;;;;N;;;archersdusocande@gmail.com;0;;https://archers-du-so-cande.jimdo.com/;Château de la Lorie;;Route du lion d'angers;;49500;SEGRE;47.67809;-0.8503
04/10/2025;04/10/2025;WEEK-END TIR EN CAMPAGNE;SAUMUR;1249066;SAUMUR;CR12;Tir en Campagne;individuel;2026;;;;12 CONNUES + 12 INCONNUES;;;;N;O;;patrickmartin49@orange.fr;0;;http://ja-saumur-tiralarc.com;FORÊT;;Rue des romans;Terrefort;49400;SAUMUR;47.25355;-0.11781
05/10/2025;05/10/2025;WEEK-END TIR EN CAMPAGNE;SAUMUR;1249066;SAUMUR;CR12;Tir en Campagne;individuel;2026;;;;12 CONNUES + 12 INCONNUES;;;;N;O;;patrickmartin49@orange.fr;0;;http://ja-saumur-tiralarc.com;FORÊT;;Rue des romans;Terrefort;49400;SAUMUR;47.25355;-0.11781
22/03/2026;22/03/2026;TIR EN CAMPAGNE D'ORVAULT;ORVAULT;1244042;ORVAULT;CR12;Tir en Campagne;individuel;2026;;;;12 CONNUES + 12 INCONNUES;;;;N;;;archers.orvault@gmail.com;0;;http://www.archersdorvault.com;Chateau de la Tour;;Chemin du chateau de la tour;;44700;ORVAULT;47.28802;-1.62441
14/03/2026;15/03/2026;TIR CAMPAGNE LE GRAND DEFI;SAINT JULIEN DES LANDES;1285138;SAINTE FOY;CR12;Tir en Campagne;individuel;2026;;;;12 CONNUES + 12 INCONNUES;;;;N;;;lesrobinsdesfoy@gmail.com;0;;https://lesrobinsdesfoy.sportsregions.fr/;LE GRAND DEFI;;40 Rue de l'etoile;;85150;ST JULIEN DES LANDES;46.64578;-1.7152
14/05/2026;15/05/2026;TIR EN CAMPAGNE;PORNIC;1244046;PORNIC;CR12;Tir en Campagne;individuel;2026;;;;12 CONNUES + 12 INCONNUES;;;;N;O;;picotpeinture@wanadoo.fr;0;;;du Patisseau;;Rue du patisseau;;44210;PORNIC;;
06/09/2026;06/09/2026;CAMPAGNE CANDE 06 SEPTEMBRE 2026;SEGRE;1249047;CANDE;CR12;Tir en Campagne;individuel;2026;;;;12 CONNUES + 12 INCONNUES;;;;N;;;archersdusocande@gmail.com;0;;https://archers-du-so-cande.jimdo.com/;CHATEAU DE LA LORIE;;Domaine la lorie;;49500;SEGRE;47.67841;-0.84967
01/05/2026;01/05/2026;TIR EN CAMPAGNE 2026;THOUARSAIS-BOUILDROUX;1285122;FONTENAY LE COMTE;CR12;Tir en Campagne;individuel;2026;;;;12 CONNUES + 12 INCONNUES;;;;N;;;archers.fontenay@gmail.com;0;;https://tiralarcfontenaisien.wordpress.com/;Centre La Largère;;Hameau la largère;;85410;THOUARSAIS BOUILDROUX;46.60294;-0.88362
12/04/2026;12/04/2026;CONCOURS CAMPAGNE;FONTAINE-MILON;1249049;MAZE;CR12;Tir en Campagne;individuel;2026;;;;12 CONNUES + 12 INCONNUES;;;;N;;;ava.maze49@gmail.com;0;;http://www.ava-maze.com;Chatelet;;Route de jarzé;;49140;FONTAINE MILON;47.50429;-0.24659
05/04/2026;05/04/2026;TIR EN CAMPAGNE ECHOLOGIA;LOUVERNÉ;1253081;LE GENEST ST ISLE;CR12;Tir en Campagne;individuel;2026;;;;12 CONNUES + 12 INCONNUES;;;;N;;;lesarchersgenestois@gmail.com;0;;lesarchersgenestois@gmail.com;echologia;;Chemin des aumeunes;Echologia;53950;LOUVERNE;48.10677;-0.72512
05/07/2026;05/07/2026;TIR EN CAMPAGNE ECHOLOGIA;LOUVERNÉ;1253081;LE GENEST ST ISLE;CR12;Tir en Campagne;individuel;2026;;;;12 CONNUES + 12 INCONNUES;;;;N;;;lesarchersgenestois@gmail.com;0;;;Echologia;;Chemin des aumeunes;Echologia;53950;LOUVERNE;48.10649;-0.72514
23/05/2026;24/05/2026;CAMPAGNE LA TURBALLE;LA TURBALLE;1244036;LA TURBALLE;CR12;Tir en Campagne;individuel;2026;;;;12 CONNUES + 12 INCONNUES;;;;N;O;;benjamin.jube44420@gmail.com;0;;;Manoir de Bréhet;;Route de la turballe;;44420;LA TURBALLE;47.345038093215;-2.4753470056325
23/05/2026;24/05/2026;TIR CAMPAGNE LE GRAND DEFI;SAINT JULIEN DES LANDES;1285138;SAINTE FOY;CR12;Tir en Campagne;individuel;2026;;;;12 CONNUES + 12 INCONNUES;;;;N;;;lesrobinsdesfoy@gmail.com;0;;https://lesrobinsdesfoy.sportsregions.fr/;POLE EQUESTRE VENDEEN;;Rue rd 109;La jeanniere;85150;SAINTE FOY;46.53560;-1.67612
09/05/2026;09/05/2026;TIR CAMPAGNE LE GRAND DEFI;SAINT JULIEN DES LANDES;1285138;SAINTE FOY;CR12;Tir en Campagne;individuel;2026;;;;12 CONNUES + 12 INCONNUES;;;;N;;;lesrobinsdesfoy@gmail.com;0;;https://lesrobinsdesfoy.sportsregions.fr/;POLE EQUESTRE VENDEEN;;Rue rd 109;La jeanniere;85150;SAINTE FOY;46.53560;-1.67612
10/05/2026;10/05/2026;TIR CAMPAGNE CHAMPIONNAT RÉGIONAL;SAINT JULIEN DES LANDES;1285138;SAINTE FOY;CR12;Tir en Campagne;individuel;2026;;CR12;R;12 CONNUES + 12 INCONNUES;;;;N;;;lesrobinsdesfoy@gmail.com;0;;https://lesrobinsdesfoy.sportsregions.fr/;POLE EQUESTRE VENDEEN;;Rue rd 109;La jeanniere;85150;SAINTE FOY;46.5356;-1.67612
18/10/2025;18/10/2025;TIR NATURE LE MANS;LE MANS;1272103;LE MANS NATURE;CR12;Tir Nature;individuel;2026;;;;21 CIBLES;;;;;;;didier.tollet0277@orange.fr;0;;http://lesarchersdelanature.fr;LE MANS NATURE;;Route de la blanchardiere;Domaine de la blanchardiere;72560;CHANGE;47.99063;0.2683
28/03/2026;28/03/2026;TIR NATURE LE MANS;LE MANS;1272103;LE MANS NATURE;CR12;Tir Nature;individuel;2026;;;;21 CIBLES;;;;;;;didier.tollet0277@orange.fr;0;;http://lesarchersdelanature.fr;LE MANS NATURE;;Route de la blanchardiere;Domaine de la blanchardiere;72560;CHANGE;47.99063;0.2683
29/03/2026;29/03/2026;TIR NATURE LE MANS;LE MANS;1272103;LE MANS NATURE;CR12;Tir Nature;individuel;2026;;;;21 CIBLES;;;;;;;didier.tollet0277@orange.fr;0;;http://lesarchersdelanature.fr;LE MANS NATURE;;Route de la blanchardiere;Domaine de la blanchardiere;72560;CHANGE;47.99063;0.2683
15/03/2026;15/03/2026;CONCOURS NATURE DÉPARTEMENTAL;CORNILLÉ-LES-CAVES;1249049;MAZE;CR12;Tir Nature;individuel;2026;49000;;D;21 CIBLES;;;;;;;ava.maze49@gmail.com;0;;http://www.ava-maze.com;Privé;;Voie la touche;;49140;CORNILLE LES CAVES;47.50637;-0.29054
09/11/2025;09/11/2025;CONCOURS NATURE;BOULOIRE;1272093;BOULOIRE;CR12;Tir Nature;individuel;2026;;;;21 CIBLES;;;;;;;archersduboisdesvallees@gmail.com;0;;;La Brousse;;Chemin pouvardière à la courbe;;72440;BOULOIRE;47.96444;0.5756
12/10/2025;12/10/2025;CONCOURS NATURE;LA PÂQUELAIS;1244002;ST HERBLAIN;CR12;Tir Nature;individuel;2026;;;;21 CIBLES;;;;;;;concours@archersdesaintherblain.fr;0;;https://www.archersdesaintherblain.fr;Au Pré-Loué;;Route departemental 42;;44360;LA PAQUELAIS;47.34473;-1.69799
02/11/2025;02/11/2025;CONCOURS NATURE;BOULOIRE;1272093;BOULOIRE;CR12;Tir Nature;individuel;2026;;;;21 CIBLES;;;;;;;archersduboisdesvallees@gmail.com;0;;;La Brousse;;Chemin pouvardière à la courbe;;72440;BOULOIRE;47.96444;0.5756
13/09/2026;13/09/2026;CONCOURS NATURE ;VALLET ;1244031;VALLET;CR12;Tir Nature;individuel;2026;;;;21 CIBLES;;;;;;;arcnaturevalletais2.0@gmail.com;0;;http://www.arcnaturevalletais.fr/;1;;Impasse la brangerie;La brangerie ;44330;MOUZILLON;47.13776;-1.25097
12/04/2026;12/04/2026;CONCOURS NATURE;LA PÂQUELAIS;1244002;ST HERBLAIN;CR12;Tir Nature;individuel;2026;;;;21 CIBLES;;;;;;;concours@archersdesaintherblain.fr;0;;https://www.archersdesaintherblain.fr;Au Pré-Loué;;Route departemental 42;;44360;LA PAQUELAIS;47.34473;-1.69799
03/05/2026;03/05/2026;DOUBLE NATURE DU 2 ET 3 MAI;CHEMILLE EN ANJOU;1249061;CHEMILLE;CR12;Tir Nature;individuel;2026;;;;21 CIBLES;;;;;;;gourdon.girarderie@gmail.com;0;;archerschemillois.president@gmail.com;1;;Rue des étang de melay;;49120;CHEMILLE;47.17246;-0.72628
02/05/2026;02/05/2026;DOUBLE NATURE 2 ET 3 MAI 2026;CHEMILLE EN ANJOU;1249061;CHEMILLE;CR12;Tir Nature;individuel;2026;;;;21 CIBLES;;;;;;;gourdon.girarderie@gmail.com;0;;archerschemillois.president@gmail.com;1;;Rue des étang de melay;;49120;CHEMILLE;47.1725;-0.72622
25/04/2026;25/04/2026;WEEK-END TIR NATURE;SAUMUR;1249066;SAUMUR;CR12;Tir Nature;individuel;2026;;;;21 CIBLES;;;;;;;patrickmartin49@orange.fr;0;;http://ja-saumur-tiralarc.com;Bois de Terrefort;;Rue des romans;Terrefort;49400;SAUMUR;47.2535;-0.1185
26/04/2026;26/04/2026;WEEK-END TIR NATURE;SAUMUR;1249066;SAUMUR;CR12;Tir Nature;individuel;2026;;;;21 CIBLES;;;;;;;patrickmartin49@orange.fr;0;;http://ja-saumur-tiralarc.com;Bois de Terrefort;;Rue des romans;Terrefort;49400;SAUMUR;47.2535;-0.1185
04/04/2026;04/04/2026;CONCOURS NATURE PAQUES SAMEDI;BOULOIRE;1272093;BOULOIRE;CR12;Tir Nature;individuel;2026;;;;21 CIBLES;;;;;;;archersduboisdesvallees@gmail.com;0;;;La Brousse;;Chemin pouvardière à la courbe;;72440;BOULOIRE;47.96444;0.5756
05/04/2026;05/04/2026;CONCOURS NATURE PAQUES DIMANCHE;BOULOIRE;1272093;BOULOIRE;CR12;Tir Nature;individuel;2026;;;;21 CIBLES;;;;;;;archersduboisdesvallees@gmail.com;0;;;La Brousse;;Chemin pouvardière à la courbe;;72440;BOULOIRE;47.96444;0.5756
31/05/2026;31/05/2026;PARCOUR NATURE;BESSAY;1285130;LES MAGNILS REIGNIERS;CR12;Tir Nature;individuel;2026;85000;;D;21 CIBLES;;;;;;;archersdelachouannerie@outlook.fr;0;;http://les-archers-de-la-chouannerie.clubeo.com;Moulin Braud;;1 Chemin moulin braud;Braud;85320;BESSAY;46.54288;-1.1872
22/03/2026;22/03/2026;TIR NATURE LE MANS;LE MANS;1272103;LE MANS NATURE;CR12;Tir Nature;individuel;2026;;;;21 CIBLES;;;;;;;didier.tollet0277@orange.fr;0;;http://lesarchersdelanature.fr;LE MANS NATURE;;Route de la blanchardiere;Domaine de la blanchardiere;72560;CHANGE;47.99063;0.2683
21/03/2026;21/03/2026;TIR NATURE LE MANS;LE MANS;1272103;LE MANS NATURE;CR12;Tir Nature;individuel;2026;;;;21 CIBLES;;;;;;;didier.tollet0277@orange.fr;0;;http://lesarchersdelanature.fr;LE MANS NATURE;;Route de la blanchardiere;Domaine de la blanchardiere;72560;CHANGE;47.99063;0.2683
13/06/2026;14/06/2026;TAE LES SABLES;LES SABLES D OLONNE;1285132;LES SABLES D'OLONNE;CR12;Para-tir à l'arc en extérieur;individuel;2026;;;;;20m,30m,40m,50m,60m,70m;;;N;;;archers.sablais@gmail.com;0;;http://arc-sablais.sportsregions.fr/;terrain de rugby Pierre Escalier;;Rue de la belle olonnaise;;85100;LES SABLES D OLONNE;46.52292;-1.76739
16/05/2026;17/05/2026;TAE ;LA GARNACHE;1285113;LA GARNACHE;CR12;Para-tir à l'arc en extérieur;individuel;2026;;;;;20m,30m,40m,50m,60m,70m;;;N;;;garna.archers.85@gmail.com;0;;https://garna-archers.fr;Zone de loisirs de l'équaizière;;Rue jan et joël martel;Zone de l'équaizière;85710;LA GARNACHE;46.93641;-1.88661
08/05/2026;08/05/2026;CONCOURS 08 MAI;AIZENAY;1285133;AIZENAY;CR12;Para-tir à l'arc en extérieur;individuel;2026;;;;;20m,30m,40m,50m,60m,70m;;;N;;;arc.aizenay@gmail.com;0;;http://archer-club-aizenay.club.sportsregions.fr;PRE DES ARCHERS;;Rue de la clairiere;;85190;AIZENAY;46.73476;-1.59059
04/07/2026;05/07/2026;CLISSON-TAE 2026-;CLISSON;1244004;CLISSON;CR12;Para-tir à l'arc en extérieur;individuel;2026;;;;;20m,30m,40m,50m,60m,70m;;;N;;;ber_naud@orange.fr;0;;;Complexe Sportif du Val de Moine;;Rue pierre de coubertin;;44;CLISSON;47.09459;-1.27153
18/04/2026;18/04/2026;PARA TIR EXTERIEUR CANDE 18 AVRIL 2026;CANDE;1249047;CANDE;CR12;Para-tir à l'arc en extérieur;individuel;2026;;;;;;;;N;;;archersdusocande@gmail.com;0;;https://archers-du-so-cande.jimdo.com/;Stade Guy LANGEVIN;;Route de freigne;;49440;CANDE;47.55561;-1.05125
07/06/2026;07/06/2026;TIR EXTERIEUR;LE LUART;1272095;LE LUART;CR12;Para-tir à l'arc en extérieur;individuel;2026;;;;;20m,30m,40m,50m,60m,70m;;;N;;;annemarieaa72@gmail.com;0;;http://usl-le-luart.fr.gd;terrain de foot;;Rue des bains;;72390;LE LUART;48.07303;0.59185
20/06/2026;20/06/2026;CHAMPIONNAT DEPARTEMENTAL TAE;DAUMERAY;1249068;DAUMERAY;CR12;Para-tir à l'arc en extérieur;individuel;2026;0;;D;;20m,30m,50m;;;N;;;jpld.dupuis@orange.fr;0;;http://www.daumeray-archerie.com;Terrain d'arc Aldo Puitti;;Rue de la liberté;;49640;DAUMERAY;47.69992;-0.35601
21/06/2026;21/06/2026;CHAMPIONNAT DÉPARTEMENTAL TAEI;DAUMERAY;1249068;DAUMERAY;CR12;Para-tir à l'arc en extérieur;individuel;2026;0;;D;;20m,30m,40m,50m,60m,70m;;;O;;;jpld.dupuis@orange.fr;0;;http://www.daumeray-archerie.com;Terrain d'Arc Aldo Puitti;;Rue de la liberté;;49640;DAUMERAY;47.69992;-0.35601
03/05/2026;03/05/2026;TAE LE MANS MAINE;LE MANS;1272108;LE MANS MAINE;CR12;Para-tir à l'arc en extérieur;individuel;2026;;;;;20m,30m,40m,50m,60m,70m;;;N;;;contacts@arcdumaine.fr;0;;http://www.arcdumaine.fr;Terrain du Villaret;;Chemin du villaret;;72000;LE MANS;48.01979;0.23195
05/07/2026;05/07/2026;TAE LE MANS MAINE;LE MANS;1272108;LE MANS MAINE;CR12;Para-tir à l'arc en extérieur;individuel;2026;72000;;D;;20m,30m,40m,50m,60m,70m;;;N;;;contacts@arcdumaine.fr;0;;http://www.arcdumaine.fr;Terrain du Villaret;;Chemin du villaret;;72000;LE MANS;48.0198;0.23196
26/04/2026;26/04/2026;CONCOURS EXTERIEUR;LE MANS;1272105;LE MANS;CR12;Para-tir à l'arc en extérieur;individuel;2026;;;;;20m,30m,40m,50m,60m,70m;;;N;;;emilie.thomas.lm@gmail.com;0;;https://sites.google.com/view/lemanssomtiralarc;Gymnase de la Californie;;201 Rue henri champion;;72100;LE MANS;47.98331;0.23376
17/05/2026;17/05/2026;TAE LAIGNE ST GERVAIS;LAIGNÉ ST GERVAIS;1272091;LAIGNÉ SAINT GERVAIS;CR12;Para-tir à l'arc en extérieur;individuel;2026;;;;;20m,30m,40m,50m,60m,70m;;;N;;;christophe.ehermann@gmail.com;0;;https://www.colsg.fr/tir-a-l-arc/;Complexe Sportif Jean Claverie;;Rue frères bailleul;;72220;LAIGNE EN BELIN;47.87774;0.22509
24/05/2026;24/05/2026;CONCOURS TAE;SILLE LE GUILLAUME;1272109;SILLE LE GUILLAUME;CR12;Para-tir à l'arc en extérieur;individuel;2026;;;;;20m,30m,40m,50m,60m,70m;;;N;;;nathaliebecu@wanadoo.fr;0;;https://les-archers-de-sille.jimdosite.com;Terrain Paul Scarron;;579 Route paul scarron;;72140;SILLE LE GUILLAUME;48.19502;-0.12139
31/05/2026;31/05/2026;TAE EXTERIEUR;CHÂTEAU GONTIER;1253085;CHATEAU GONTIER;CR12;Para-tir à l'arc en extérieur;individuel;2026;;;;;;;;N;;;chateaugontier.tiralarc@gmail.com;0;;https://tiralarcchg.sportregion.fr;Terrain extérieur;;Rue le bois plaidé;;53200;CHATEAU GONTIER;47.82243;-0.69823
03/05/2026;03/05/2026;CONCOURS TAE 2026;BEAUPREAU EN MAUGES;1249054;BEAUPREAU;CR12;Para-tir à l'arc en extérieur;individuel;2026;;;;;;;;;;;;0;;;;;;;;;;
07/06/2026;07/06/2026;TAE DEPARTEMENTAL;MESLAY DU MAINE;1253072;MESLAY DU MAINE;CR12;Para-tir à l'arc en extérieur;individuel;2026;53000;;D;;;;;;;;;0;;;;;;;;;;
30/05/2026;31/05/2026;T.A.E.;ECOMMOY;1272096;ECOMMOY;CR12;Para-tir à l'arc en extérieur;individuel;2026;;;;;20m,30m,40m,50m,60m,70m;;;N;;;archersecommoy@gmail.com;0;;archersecommoy@gmail.com;city stade ecommoy;;Chemin de l'abreuvoir;;72220;ECOMMOY;47.82572;0.27807
06/06/2026;07/06/2026;CONCOURS TAE;MONTAIGU VENDEE;1285121;MONTAIGU;CR12;Para-tir à l'arc en extérieur;individuel;2026;;;;;20m,30m,40m,50m,60m,70m;;;N;;;archersdeladigue.inscription@gmail.com;0;;http://archersdeladigue.fr/;POLE SPORTIF LEONARD DE VINCI;;Rue fromenteau;;85600;LA GUYONNIERE;46.97009;-1.29755
11/04/2026;12/04/2026;CONCOURS ARCHERS DE L'ERDRE;CARQUEFOU;1244009;CARQUEFOU;CR12;Para-tir à l'arc en extérieur;individuel;2026;;;;;20m,30m,40m,50m,60m,70m;;;N;;;secretariat@archersdelerdre.info;0;;https://www.archersdelerdre.fr;stade moulin boisseau;;Impasse rue victor hugo;;44470;CARQUEFOU;;
11/04/2026;12/04/2026;CONCOURS EXTÉRIEUR ARCHERS DE L ERDRE;CARQUEFOU;1244009;CARQUEFOU;CR12;Para-tir à l'arc en extérieur;individuel;2026;;;;;;;;N;;;secretariat@archersdelerdre.info;0;;https://www.archersdelerdre.fr;Espace Sportif Laforêty ;;Impasse rue victor hugo;;44470;CARQUEFOU;47.28262;-1.48397
01/05/2026;01/05/2026;TAEI - TAEN 2026;CHOLET;1249050;CHOLET TAC;CR12;Para-tir à l'arc en extérieur;individuel;2026;;;;;;;;;;;;0;;;;;;;;;;
23/05/2026;23/05/2026;TIR À L'ARC EXTERIEUR;ANGERS;1249056;ANGERS;CR12;Para-tir à l'arc en extérieur;individuel;2026;;;;;20m,30m,40m,50m,60m,70m;;;N;;;sgta.communication@gmail.com;0;;http://www.sgta-tir-a-larc.com;Terrain de tir à l'arc;;37 Route de bouchemaine;;49000;ANGERS;47.44627;-0.57533
24/05/2026;24/05/2026;TAE LA HAYE FOUASSIERE;LA HAYE FOUASSIERE;1244013;LA HAYE FOUASSIERE;CR12;Para-tir à l'arc en extérieur;individuel;2026;;;;;20m,30m,40m,50m,60m,70m;;;N;;;brenot.delphine4@gmail.com;0;;http://archaye.fr;Stade du moulin des Landes;;Route de la juiverie;;44690;LA HAIE FOUASSIERE;47.163;-1.40723
03/05/2026;03/05/2026;CONCOURS TAE;BOUGUENAIS;1244041;VERTOU;CR12;Para-tir à l'arc en extérieur;individuel;2026;;;;;20m,30m,40m,50m,60m,70m;;;N;;;lefeuvre.christian@neuf.fr;0;;https://cabbouguenais.jimdofree.com/;terrain de l'Ouche du Cormier;;Rue de la gagnerie;;44340;BOUGUENAIS;47.17006;-1.62045
10/01/2026;11/01/2026;CONCOURS SALLE 2X18M;SAINT FLORENT LE VIEIL;1249140;LES ARCHERS FLORENTAIS;CR12;Para-tir à l'arc à 18m;individuel;2026;;;;;;;;N;;;archersflorentais@outlook.fr;0;;https://www.lesarchersflorentais.com/;Salle de la Bergerie;;Rue des sports;Saint florent le vieil;49410;ST FLORENT LE VIEIL;47.35734;-1.01244
20/12/2025;21/12/2025;CONCOURS DE NOEL;AIZENAY;1285133;AIZENAY;CR12;Para-tir à l'arc à 18m;individuel;2026;;;;;;;;N;;;arc.aizenay@gmail.com;0;;http://archer-club-aizenay.club.sportsregions.fr;SALLE DE LA GALERNE;;Impasse de la galerne;;85190;AIZENAY;46.74718;-1.61804
18/10/2025;19/10/2025;TIR EN SALLE 2X18;MONTAIGU VENDEE;1285121;MONTAIGU;CR12;Para-tir à l'arc à 18m;individuel;2026;;;;;;;;N;;;f.rabreau@gmail.com;0;;http://archersdeladigue.fr/;COMPLEXE SPORTIF LEONARD DE VINCI;;Impasse fromenteau;;85600;MONTAIGU;46.96997;-1.29719
25/10/2025;26/10/2025;CONCOURS LES SABLES;LES SABLES D'OLONNE;1285132;LES SABLES D'OLONNE;CR12;Para-tir à l'arc à 18m;individuel;2026;;;;;;;;N;;;rossialain85@gmail.com;0;;http://arc-sablais.sportsregions.fr/;Gymnase des SAUNIERS;;Impasse des sauniers;;85100;LES SABLES D OLONNE;46.50593;-1.79812
06/12/2025;07/12/2025;SALLE;NANTES;1244044;NANTES;CR12;Para-tir à l'arc à 18m;individuel;2026;;;;;;;;N;;;secretariat.archersnantais@gmail.com;0;;https://archers-nantais.org;Gymnase de la Ripossière;;Rue des gobelets;;44200;NANTES;47.19122;-1.5291
18/01/2026;18/01/2026;CONCOURS SALLE POUZAUGES 2026;POUZAUGES;1285128;POUZAUGES;CR12;Para-tir à l'arc à 18m;individuel;2026;;;;;;;;N;;;archers.pouzauges@orange.fr;0;;http://club.sportsregions.fr/archersdepouzauges/;Salle de l'étoile;;Rue buffon;Buffon;85700;POUZAUGES;46.77383;-0.83881
01/11/2025;01/11/2025;NOCTURNE SALLE 2025;PONTCHATEAU;1244019;PONTCHATEAU;CR12;Para-tir à l'arc à 18m;individuel;2026;;;;;;;;N;;;greg.guibert44@free.fr;0;;https://lesarchersdubrivet.jimdofree.com/;Gymnase du Landas;;Route de st-roch;;44160;PONTCHATEAU;;
02/11/2025;02/11/2025;SALLE 2025;PONTCHATEAU;1244019;PONTCHATEAU;CR12;Para-tir à l'arc à 18m;individuel;2026;;;;;;;;;;;;0;;;;;;;;;;
10/01/2026;11/01/2026;CONCOURS SALLE CARQUEFOU;CARQUEFOU;1244009;CARQUEFOU;CR12;Para-tir à l'arc à 18m;individuel;2026;;;;;;;;N;;;president@archersdelerdre.info;0;;https://www.archersdelerdre.fr;Espace sportif La Forêt;;Rue victor hugo;;44470;CARQUEFOU;47.28312;-1.48129
08/11/2025;09/11/2025;CONCOURS 18 M;SILLE LE GUILLAUME;1272109;SILLE LE GUILLAUME;CR12;Para-tir à l'arc à 18m;individuel;2026;;;;;;;;N;;;nathaliebecu@wanadoo.fr;0;;;La Metallerie;;209 Rue marcel tabur;;72140;SILLE LE GUILLAUME;48.17502;-0.14927
11/10/2025;11/10/2025;PARA TIR SALLE CANDE 11 OCTOBRE 2025;CANDE;1249047;CANDE;CR12;Para-tir à l'arc à 18m;individuel;2026;;;;;;;;N;;;archersdusocande@gmail.com;0;;https://archers-du-so-cande.jimdo.com/;salle omnisports;;Allée charpentier;;49440;CANDE;47.55827;-1.02989
01/11/2025;02/11/2025;TIR A 18 M LAIGNE ST GERVAIS; LAIGNÉ-SAINT-GERVAIS;1272091;LAIGNÉ SAINT GERVAIS;CR12;Para-tir à l'arc à 18m;individuel;2026;;;;;;;;N;;;christophe.ehermann@gmail.com;0;;https://www.colsg.fr/tir-a-l-arc/;Gymnase Jean Claverie;;28B Rue frères bailleul;;72220;LAIGNE EN BELIN;47.87805;0.22427
13/12/2025;14/12/2025;TIR A 18 M LAIGNE ST GERVAIS;LAIGNE SAINT GERVAIS;1272091;LAIGNÉ SAINT GERVAIS;CR12;Para-tir à l'arc à 18m;individuel;2026;;;;;;;;N;;;christophe.ehermann@gmail.com;0;;https://www.colsg.fr/tir-a-l-arc/;Gymnase Jean Claverie;;28B Rue frères bailleul;;72220;LAIGNE EN BELIN;47.87805;0.22427
14/12/2025;14/12/2025;CONCOURS ;BOUGUENAIS;1244022;BOUGUENAIS;CR12;Para-tir à l'arc à 18m;individuel;2026;;;;;;;;N;;;cabbouguenais@gmail.com;0;;https://cabouguenais.jimdofree.com/;SALLE DES BELIANS;;Rue ginsheim gustavsburg;;44340;BOUGUENAIS;47.17351;-1.60493
15/11/2025;16/11/2025;CONCOURS SALLE VERTOU;VERTOU;1244041;VERTOU;CR12;Para-tir à l'arc à 18m;individuel;2026;;;;;;;;N;;;bureau@vertouarc.fr;0;;http://www.vertouarc.fr;Gymnasse Raymond Durand;;Rue mortier vannerie;;44120;VERTOU;47.18111;-1.49886
26/10/2025;26/10/2025;CONCOURS SALLE LA HAYE FOUASSIERE;LA HAYE FOUASSIÈRE;1244013;LA HAYE FOUASSIERE;CR12;Para-tir à l'arc à 18m;individuel;2026;;;;;;;;N;;;archaye44@gmail.com;0;;http://archaye.fr;Complèxe Sportif du Moulin des Landes;;Route de la juiverie;;44690;LA HAIE FOUASSIERE;47.16005;-1.40203
30/11/2025;30/11/2025;CONCOURS QUALIFICATIF;DAUMERAY;1249068;DAUMERAY;CR12;Para-tir à l'arc à 18m;individuel;2026;;;;;;;;N;;;jpld.dupuis@orange.fr;0;;http://www.daumeray-archerie.com;Salle de sports;;Rue de la liberté;;49640;DAUMERAY;47.7;-0.35581
15/11/2025;16/11/2025;CONCOURS SALLE NOVEMBRE;SABLE SUR SARTHE;1272090;SABLE SUR SARTHE;CR12;Para-tir à l'arc à 18m;individuel;2026;;;;;;;;N;;;lesarchersdesable72@gmail.com;0;;de precigne;salle henri bonnet;;route de precigne Route de precigne;;72300;SABLE SUR SARTHE;47.82814;-0.32018
24/01/2026;25/01/2026;CONCOURS SALLE JANVIER;SABLE SUR SARTHE;1272090;SABLE SUR SARTHE;CR12;Para-tir à l'arc à 18m;individuel;2026;;;;;;;;N;;;lesarchersdesable72@gmail.com;0;;de precigne;salle henri bonnet;;Route de precigne;;72300;SABLE SUR SARTHE;47.82821;-0.32019
11/01/2026;11/01/2026;TIR À 18M;CHATEAU-GONTIER;1253085;CHATEAU GONTIER;CR12;Para-tir à l'arc à 18m;individuel;2026;;;;;;;;N;;;chateaugontier.tiralarc@gmail.com;0;;https://tiralarcchg.sportregion.fr;Salle des Azélines;;Rue de la croix de pierre;;53200;AZE;;
03/01/2026;03/01/2026;2X18M;CHATEAUBRIANT;1244035;CHATEAUBRIANT;CR12;Para-tir à l'arc à 18m;individuel;2026;;;;;;;;N;;;p.comcom4@orange.fr;0;;http://archersdelamee.org/;Centre Municipal des Sports ;;Rue rue de la libération;;44110;CHATEAUBRIANT;47.71358;-1.3793
06/12/2025;07/12/2025;CONCOURS SALLE 2X18M;LA GARNACHE;1285113;LA GARNACHE;CR12;Para-tir à l'arc à 18m;individuel;2026;;;;;;;;N;;;garna.archers.85@gmail.com;0;;https://garna-archers.fr;complexe sportif du carcaud;;Route de bois de cené;;85710;LA GARNACHE;46.89915;-1.836
03/01/2026;04/01/2026;CONCOURS SALLE THOUARE-SUR-LOIRE;BASSE-GOULAINE ;1244003;THOUARE SUR LOIRE;CR12;Para-tir à l'arc à 18m;individuel;2026;;;;;;;;N;;;archersthouareens@yahoo.fr;0;;http://archers-thouareens.sportsregions.fr;Gymnase de la Chesnaie;;121 Rue de la chenaie;;44115;BASSE GOULAINE;47.19929;-1.45395
29/11/2025;30/11/2025;CONCOURS SALLE ORVAULT;ORVAULT;1244042;ORVAULT;CR12;Para-tir à l'arc à 18m;individuel;2026;;;;;;;;N;;;archers.orvault@gmail.com;0;;http://www.archersdorvault.com;Gymnase du Complexe Sportif Roger Picaud;;108bis Avenue claude antoine peccot;;44700;ORVAULT;47.2514;-1.61092
08/11/2025;09/11/2025;CLISSON-TAS 2026;CLISSON;1244004;CLISSON;CR12;Para-tir à l'arc à 18m;individuel;2026;;;;;;;;N;;;ber_naud@orange.fr;0;;;Gymnase Cacault;;Place esplanade de klettgau;Esplanade de klettgau;44190;CLISSON;47.09315;-1.28869
22/11/2025;23/11/2025;CONCOURS SALLE;ST HERBLAIN;1244002;ST HERBLAIN;CR12;Para-tir à l'arc à 18m;individuel;2026;;;;;;;;N;;;concours@archersdesaintherblain.fr;0;;https://www.archersdesaintherblain.fr;Complexe Sportif du vigneau;;Boulevard salvador allende;;44800;ST HERBLAIN;47.21735;-1.6221
02/11/2025;02/11/2025;2 FOIS 18M SELECTIF CHAMPIONNAT DE FRANCE;REZE;1244018;REZE;CR12;Para-tir à l'arc à 18m;individuel;2026;;;;;;;;N;;;pascal.depeyre@sfr.fr;0;;http://laflecheragonnaise.jimdo.com;gymnase Evelyne Crétual;;30 Rue augustin mouillé;;44400;REZE;47.17869;-1.54833
10/01/2026;11/01/2026;2 FOIS 18M SELECTIF CHAMPIONNAT DE FRANCE;MAISDON SUR SEVRE;1244018;REZE;CR12;Para-tir à l'arc à 18m;individuel;2026;;;;;;;;N;;;pascal.depeyre@sfr.fr;0;;http://laflecheragonnaise.jimdo.com;salle des sports de Maisdon sur Sèvre;;Rue des abbés coutais;;44690;MAISDON SUR SEVRE;47.09672;-1.38307
13/12/2025;14/12/2025;CONCOURS SELECTIF;GROSBREUIL;1285124;GROSBREUIL;CR12;Para-tir à l'arc à 18m;individuel;2026;;;;;;;;;;;;0;;;;;;;;;;
12/10/2025;12/10/2025;CONCOURS OCTOBRE;LA FLECHE;1272098;LA FLECHE;CR12;Para-tir à l'arc à 18m;individuel;2026;;;;;;;;N;;;ciearclafeche@gmail.com;0;;https://ciearclafleche.com/;La Monnerie;;Allée des fromenteaux la monnerie;;72200;LA FLECHE;47.71288;-0.0301
03/01/2026;04/01/2026;CONCOURS JANVIER;LA FLECHE;1272098;LA FLECHE;CR12;Para-tir à l'arc à 18m;individuel;2026;;;;;;;;N;;;ciearclafeche@gmail.com;0;;https://ciearclafleche.com/;La Monnerie;;Allée des fromenteaux la monnerie;;72200;LA FLECHE ;47.70019;-0.05142
06/12/2025;07/12/2025;SALLE 2025;GUERANDE;1244001;GUERANDE;CR12;Para-tir à l'arc à 18m;individuel;2026;;;;;;;;N;;;ciedarcdeguerande@gmail.com;0;;https://ciedarcdeguerande.wixsite.com/2019;Complexe de Kerbiniou;;Avenue gustave flaubert;;44350;GUERANDE;;
25/01/2026;25/01/2026;CHAMPIONNAT DÉPARTEMENTAL SALLE ADULTES ;GUÉRANDE ;1244001;GUERANDE;CR12;Para-tir à l'arc à 18m;individuel;2026;44000;;D;;;;;N;;;ciedarcdeguerande@gmail.com;0;;https://ciedarcdeguerande.wixsite.com/2019;Complexe sportif de Kerbiniou;;Avenue gustave flaubert;;44350;GUERANDE;;